id,fecha,pais,sector,tipo_operacion,monto_usd,volumen_ton,empleados,arancel_pct,partida_arancelaria,num_factura
1,2022-02-06,Brasil,Minería,Exportación,671169.57,3573.2,490,14.67,5322.33.12,FAC-2022-40753
2,2024-11-12,Brasil,Manufactura,Exportación,330648.3,551.2,355,9.01,7833.27.52,FAC-2024-94602
3,2022-02-10,Brasil,Tecnología,Importación,457520.52,19.8,421,,5730.43.92,FAC-2022-20802
4,2024-07-01,España,Manufactura,Exportación,339201.7,284.8,325,11.05,1991.19.86,FAC-2024-99558
5,02/20/2023,Alemania,Educación,Exportación,50075.78,3.8,478,12.43,1741.76.83,FAC-2023-15004
6,2023-03-09,México,Finanzas,Importación,102756.01,0.0,460,,1293.40.68,FAC-2023-85992
7,2023-11-04,Argentina,Agroindustria,Importación,51053.08,1532.1,164,14.32,4789.40.17,FAC-2023-71000
8,2023-05-17,España,Minería,Exportación,767994.81,3386.9,50,21.05,8236.28.65,FAC-2023-74237
9,2022-11-18,Chile,Educación,Importación,20804.89,5.1,40,0.05,5937.64.99,FAC-2022-82845
10,10/18/2023,Argentina,Retail,Exportación,-206392.11,185.2,260,3.93,4646.90.48,FAC-2023-75700
11,2024-07-15,Ecuador,Logística,Exportación,118458.21,124.0,257,19.95,2417.66.93,FAC-2024-13711
12,2024-10-13,Argentina,Agroindustria,Exportación,31095.37,538.6,25,1.32%,8704.32.58,FAC-2024-52854
13,2023-01-24,Brasil,Manufactura,Importación,63916.66,47.3,33,23.87,9934.30.46,FAC-2023-24746
14,2022-12-28,USA,Educación,EXPORTACIÓN,61159.65,3.6,365,6.56,5598.99.19,FAC-2022-62621
15,2022-10-18,Chile,Minería,Importación,328610.75,2661.0,306,,6301.16.13,FAC-2022-95370
16,2023-10-03,Chile,Manufactura,Importación,394713.09,419.8,148,15.0,6520.69.60,FAC-2023-97854
17,2022-01-26,Brasil,Finanzas,Exportación,88904.07,0.0,442,20.18,8512.50.33,FAC-2022-15717
18,2024-07-16,  Ecuador  ,Manufactura,Importación,333947.12,131.5,171,0.3,7513.51.56,FAC-2024-44039
19,2023-07-07,Brasil,Manufactura,Exportación,241760.27,76.1,215,15.61,9275.22.85,FAC-2023-18817
20,10/27/2022,Alemania,Retail,Exportación,174143.47,147.7,396,16.0,2792.62.23,FAC-2022-72273
21,2022-07-25,España,Finanzas,Importación,,0.0,358,5.51,8622.31.15,FAC-2022-24114
22,2022-04-23,Argentina,Finanzas,Exportación,146411.53,0.0,21,11.78,1671.27.33,FAC-2022-65132
23,18 de enero 2024,Alemania,Manufactura,Exportación,242501.25,560.0,270,4.46,9006.37.22,FAC-2024-34340
24,2024-09-17,Argentina,Logística,Exportación,62067.53,50.4,368,18.51,9251.66.70,FAC-2024-77395
25,2022-03-25,Colombia,Educación,Importación,14473.41,7.0,92,14.41,1023.68.43,FAC-2022-43557
26,04/05/2022,España,Manufactura,Exportación,215379.01,720.3,236,17.73,6415.28.25,FAC-2022-36703
27,2023-07-18,Brasil,,Importación,123029.74,438.3,190,,2284.42.95,FAC-2023-35448
28,2024-08-09,México,Retail,Exportación,,194.7,74,18.18,2002.73.37,FAC-2024-50838
29,2022-08-20,Ecuador,Minería,Exportación,583911.27,3987.4,184,12.18,8513.95.53,FAC-2022-44454
30,2023-01-15,Colombia,Tecnología,Importación,625182.61,31.5,479,15.9,3453.23.89,FAC-2023-88737
31,2024-11-26,Colombia,Manufactura,Exportación,114414.57,446.2,65,24.05,3912.31.23,
32,05/20/2022,Brasil,Manufactura,Importación,146145.09,211.6,254,0.66,5325.31.30,FAC-2022-89504
33,2023-03-01,Ecuador,Tecnología,Importación,584574.56,,287,21.17,5032.15.42,FAC-2023-93275
34,2023-08-24,Alemania,Tecnología,Importación,496863.19,40.0,161,9.87,4735.94.42,
35,2023-05-11,COLOMBIA,Retail,Importación,214980.01,34.7,491,20.74,4431.73.60,FAC-2023-16076
36,2022-11-12,Chile,Manufactura,Importación,63392.97,765.8,-121,14.79,8690.84.61,FAC-2022-42029
37,2024-05-22,Chile,Manufactura,Importación,292859.08,283.7,495,8.87,6403.89.85,FAC-2024-32159
38,2022-10-11,Argentina,Tecnología,Importación,451176.22,8.9,432,,7423.66.18,FAC-2022-53399
39,2024-06-04,España,Finanzas,Importación,171391.71,0.0,197,22.46%,3349.38.76,FAC-2024-55224
40,2024-06-27,USA,Finanzas,Exportación,193686.22,0.0,267,6.33,3507.14.96,FAC-2024-43353
41,2023-11-05,Colombia,Tecnología,Importación,265159.3,5.9,272,23.87,6477.97.89,FAC-2023-91628
42,2024-01-15,Alemania,Logística,Exportación,105635.78,40.2,415,20.74,6078.83.39,FAC-2024-87449
43,2024-06-15,USA,Tecnología,Exportación,373778.11,23.7,74,18.55,0723.28.19,FAC-2024-86520
44,2022-10-28,Ecuador,Tecnología,Importación,171175.7,14.1,193,0.71,7373.28.82,FAC-2022-74517
45,2023-09-01,Argentina,Logística,Exportación,19858.78,505.6,224,18.82,8969.48.51,FAC-2023-84393
46,2024-10-25,Chile,Tecnología,Exportación,345768.64,17.4,323,17.27,2166.99.35,
47,2023-01-05,US,Logística,Exportación,117793.77,242.3,53,12.64,5110.85.82,FAC-2023-96827
48,2023-05-28,España,Finanzas,Exportación,222861.13,0.0,,0.25,7356.48.58,FAC-2023-29448
49,20 de diciembre 2024,Chile,Manufactura,Exportación,131316.02,430.2,143,4.35,5872.80.41,FAC-2024-23357
50,2023-09-01,  Brasil  ,Retail,Exportación,35242.85,58.1,302,21.58,7881.68.72,FAC-2023-94875
51,2022-11-10,Colombia,Educación,Exportación,26427.83,14.7,114,7.73,3431.54.81,FAC-2022-20888
52,2023-07-23,Ecuador,Tecnología,Exportación,663875.0,31.3,64,11.65,6946.36.67,FAC-2023-44735
53,2023-03-23,Alemania,Tecnología,Exportación,"$372,004.31",6.3,443,19.2,1766.23.61,FAC-2023-24022
54,2022-04-11,Alemania,Minería,Importación,263102.62,2837.1,351,24.59,9920.92.61,FAC-2022-35927
55,2022-07-03,Perú,Agroindustria,Importación,90788.72,1246.2,169,22.49,4285.79.56,FAC-2022-97612
56,2024-12-12,Chile,Finanzas,Exportación,295870.4,0.0,48,11.68,5315.68.74,FAC-2024-56182
57,2022-06-28,Colombia,Tecnología,Importación,"$308,476.75",30.9,17,14.72,6292.73.81,FAC-2022-20372
58,2023-05-23, alemania ,Educación,Importación,64841.3,18.8,38600,21.64,6394.60.48,FAC-2023-96409
59,2022-06-25,Alemania,Manufactura,Importación,214172.66,504.3,409,7.53,6823.16.76,FAC-2022-42960
60,2023-12-04,USA,Logística,Export,195687.23,,10,16.99,9887.61.23,FAC-2023-88176
61,2024-08-19,España,Minería,Exportación,283254.03,1821.2,141,0.83,4641.99.38,FAC-2024-14932
62,2024-12-06,España,Educación,Exportación,55318.61,5.4,481,7.97,4673.29.12,FAC-2024-62345
63,2022-01-14,,Manufactura,Importación,321068.8,-615.9,484,10.98,8942.68.41,FAC-2022-15482
64,2023-10-19,,,Importación,327203.49,,219,6.56,4407.84.56,FAC-2023-34262
65,2023-11-15,Alemania,Finanzas,Importación,440246.21,0.0,326,11.45,2490.82.22,FAC-2023-15723
66,2022-03-20,USA,Finanzas,Exportación,343027.08,-0.0,442,,9867.68.16,FAC-2022-45412
67,2022-03-27,Colombia,Logística,Exportación,146426.82,230.9,213,0.5,8888.55.18,FAC-2022-25518
68,2023-04-15,USA,Manufactura,Exportación,156347.18,338.3,190,15.43,9139.88.85,FAC-2023-27556
69,2022-06-28,Brasil,Finanzas,Importación,354184.88,0.0,42,15.68,9357.13.66,FAC-2022-42214
70,2024-05-20,USA,Educación,Importación,39199.2,4.0,176,24.53,5493.44.39,FAC-2024-71863
71,2023-06-24,México,Agroindustria,Importación,70170.08,1548.2,219,20.13,9936.12.35,FAC-2023-43545
72,2023-12-28,Colombia,Agroindustria,Exportación,70225.74,1325.8,251,4.51,6585.77.43,FAC-2023-52477
73,2024-01-13,España,Educación,Exportación,39265.27,4.5,,23.42,4214.15.73,FAC-2024-50563
74,2023-12-11,España,Retail,Importación,47151.88,185.2,431,15.27,7638.30.13,FAC-2023-87510
75,2024-12-06,USA,Finanzas,Exportación,315986.52,0.0,367,20.57,3230.32.81,FAC-2024-37106
76,2023-03-05,España,Educación,Exportación,61045.18,7.5,196,7.93,7937.32.74,FAC-2023-90528
77,2022-05-11,COLOMBIA,Manufactura,Importación,51296.19,360.5,192,15.93,7253.75.42,FAC-2022-29853
78,2024-01-17,Chile,Retail,Importación,64200.33,93.9,385,3.86,1816.35.66,FAC-2024-10863
79,2024-06-19,Chile,Tecnología,Exportación,487692.38,29.7,373,,2151.34.54,FAC-2024-14112
80,2023-03-03,Chile,Tecnología,Exportación,243797.63,31.2,432,12.54,4149.70.15,
81,2024-02-26,Brasil,Logística,Importación,60470.03,219.2,121,15.46,7297.93.11,FAC-2024-55351
82,2023-09-13,Argentina,Logística,Importación,170400.23,547.6,411,0.19,2965.46.44,FAC-2023-44668
83,2022-02-25,PERÚ,Manufactura,Exportación,304680.02,582.4,462,23.75,7543.67.30,FAC-2022-87892
84,2024-06-23,Brasil,Logística,Exportación,35291.06,289.2,459,13.61,2631.85.21,FAC-2024-35950
85,2023-02-22,Brasil,Minería,Importación,1039805.9,3673.0,95,4.3,2989.38.53,FAC-2023-99972
86,2024-01-17,Perú,,Exportación,148114.95,0.0,431,13.84,7420.22.14,FAC-2024-30461
87,2023-03-23,Ecuador,Agroindustria,Exportación,141983.01,,472,,5551.32.86,FAC-2023-92505
88,2023-04-20,USA,Manufactura,Exportación,319458.86,480.3,237,11.88,5355.85.48,FAC-2023-67392
89,2022-02-17,USA,Tecnología,Importación,481222.0,3.8,473,16.48,7463.98.50,FAC-2022-56152
90,2023-12-19,USA,Manufactura,Importación,309523.27,799.3,128,9.53,7880.77.62,FAC-2023-19658
91,2023-08-22,Chile,Tecnología,Importación,205093.87,32.1,121,13.23,1264.31.14,FAC-2023-35967
92,2023-01-08,Ecuador,Educación,Importación,11749.55,8.3,231,7.35,7162.15.71,FAC-2023-53444
93,2022-04-04,Ecuador,Tecnología,Exportación,547633.66,3.7,462,9.7,9846.97.88,FAC-2022-16675
94,2024-12-08,USA,Retail,Exportación,235568.08,,488,21.22,2210.72.51,fac-2024-46458
95,2023-07-13, chile ,,Importación,284932.03,0.0,449,22.37,3028.98.82,FAC-2023-16102
96,2022-10-07,México,Minería,Importación,"$896,060.22",3020.0,422,17.89,4517.98.84,FAC-2022-12239
97,2022-09-02,USA,Educación,Importación,22258.27,16.3,325,18.46,9906.94.74,FAC-2022-34768
98,2024-10-19,CHILE,Educación,Importación,76899.82,-6.7,447,24.81,7359.28.50,FAC-2024-33639
99,2024-12-01,Chile,Educación,Exportación,52747.78,12.9,314,7.48,9274.96.27,FAC-2024-78113
100,2024-06-03,Chile,Minería,Importación,"$788,713.76",1680.4,404,3.58,0861.41.38,FAC-2024-52888
101,2022-01-19,Colombia,Manufactura,Importación,306356.64,243.2,470,2.38,5308.45.93,FAC-2022-27392
102,2022-11-07,Argentina,Logística,Importación,"$27,199.90",330.9,152,15.75%,9542.16.68,FAC-2022-33224
103,2023-10-06,Colombia,Agroindustria,Importación,153199.56,264.3,260,5.41,6036.11.64,FAC-2023-42329
104,2023-05-22,España,Tecnología,Import,699634.8,33.9,314,7.46,0944.45.91,FAC-2023-46291
105,2023-02-22,Ecuador,Manufactura,Importación,135028.36,-734.8,208,13.8,6759.11.99,FAC-2023-78493
106,04/26/2024,México,Logística,Exportación,160153.13,337.1,267,0.14,8335.94.38,FAC-2024-55054
107,2022-09-17,Perú,Finanzas,Exportación,398369.5,0.0,141,6.34,4639.52.76,FAC-2022-88085
108,,Chile,Tecnología,Importación,272168.95,39.2,,23.07,9473.43.17,FAC-2023-85778
109,2022-02-02,Alemania,Agroindustria,Importación,95887.76,157.5,289,23.92,8852.48.68,FAC-2022-17852
110,2023-03-15,México,Retail,Importación,131577.16,16.0,116,15.11,0636.64.18,FAC-2023-54588
111,2023-06-08,Brasil,Finanzas,Exportación,161407.99,0.0,205,21.36,5444.99.47,FAC-2023-61968
112,2024-07-27,España,Finanzas,Importación,377072.5,0.0,346,22.07,5054.87.98,FAC-2024-45860
113,2024-08-26,Brasil,Logística,Exportación,191156.32,475.5,476,14.82,3263.82.70,FAC-2024-51085
114,2022-06-22,Chile,Tecnología,Exportación,446242.16,37.0,485,20.79,1586.80.18,FAC-2022-57932
115,2022-04-17,España,Educación,Importación,15083.14,17.9,125,18.25,9160.95.85,FAC-2022-85650
116,2022-08-05,Colombia,Logística,Importación,94771.34,200.5,329,23.21%,4108.65.61,FAC-2022-30191
117,2024-07-14,Brasil,Minería,Exportación,905367.29,2888.8,47800,10.32,6818.59.41,FAC-2024-53288
118,2023-06-16,Alemania,Educación,Importación,59167.33,12.4,385,22.12,6537.41.58,FAC-2023-11430
119,2022-01-10,Colombia,Tecnología,Exportación,637938.96,25.3,22000,19.73,0240.50.64,FAC-2022-74229
120,2024-05-28,Chile,Minería,Exportación,208133.13,3548.2,263,16.76,7101.57.97,FAC-2024-34344
121,2023-12-19,,Manufactura,Exportación,65878.55,508.5,431,18.57,4102.29.68,FAC-2023-75463
122,2024-03-28,Chile,Manufactura,Importación,99257.36,354.3,490,,,FAC-2024-98035
123,2024-12-13,Colombia,,Importación,342021.11,29.1,282,17.42,6783.94.94,FAC-2024-61199
124,2024-03-15,Brasil,Logística,Importación,46729.3,130.4,21,17.08,1844.11.83,FAC-2024-27646
125,2022-09-17,Argentina,Manufactura,Exportación,88264.99,718.2,83,1.69,2744.36.80,FAC-2022-62545
126,2022-09-06,Chile,Manufactura,Importación,165852.69,610.6,289,10.41,8920.80.21,FAC-2022-68785
127,2023-01-18,Colombia,Logística,Importación,60029.61,114.0,392,20.03,7741.49.74,FAC-2023-26182
128,2023-07-26,Brasil,Tecnología,Exportación,526039.58,33.1,219,21.89,8115.88.88,FAC-2023-89293
129,2023-02-24,Argentina,Manufactura,Importación,,337.9,424,8.78,5220.26.45,FAC-2023-91448
130,2023-11-03,México,Logística,Importación,145878.02,41.9,461,16.98,,FAC-2023-42441
131,2022-09-05,España,Minería,Importación,597975.46,,90,9.23,7853.24.25,fac-2022-47957
132,2022-07-08,USA,Finanzas,Exportación,186728.94,0.0,,5.65,8701.70.71,FAC-2022-57626
133,2024-10-16,Chile,Minería,Importación,"$388,552.07",564.7,96,,2371.37.88,FAC-2024-26706
134,7 de marzo 2024,Ecuador,Educación,Importación,,10.2,434,2.17,4072.51.99,FAC-2024-94654
135,2024-03-09,  Chile  ,Tecnología,Exportación,442859.11,16.5,147,5.09,2976.67.30,FAC-2024-41230
136,2023-12-08,Brasil,Retail,Importación,276289.08,111.7,433,18.0,8371.38.69,FAC-2023-16973
137,2024-04-14,Perú,  finanzas  ,Importación,186900.67,0.0,-490,12.1,5572.61.57,FAC-2024-15061
138,2024-02-05,Chile,Agroindustria,Importación,,475.9,463,4.36,3223.35.12,FAC-2024-44313
139,03/12/2023,USA,Agroindustria,Importación,81512.06,980.6,479,3.21,1852.51.46,FAC-2023-65652
140,2023-10-20,México,  retail  ,Exportación,114869.15,87.7,437,18.94,9424.85.75,FAC-2023-11020
141,2024-02-11,Brasil,Retail,Importación,19605286.0,140.7,29,23.31,4125.81.94,
142,2022-02-06,USA,Agroindustria,Exportación,44486.52,375.6,14,0.27,6073.51.39,FAC-2022-60540
143,2023-06-21,Colombia,Tecnología,Importación,493688.49,14.9,42,,7589.53.59,FAC-2023-79963
144,2023-08-15,Colombia,Manufactura,Exportación,-304739.88,342.8,383,23.14,2772.56.16,FAC-2023-14528
145,06/26/2022,USA,Educación,Exportación,60576.54,8.9,273,19.09,0381.76.33,FAC-2022-37912
146,2022-05-03,Ecuador,Manufactura,Importación,86564.77,438.9,225,23.91,9126.99.11,FAC-2022-92221
147,2023-07-07,España,Retail,Importación,216464.74,13.9,29500,9.33,6802.10.51,FAC-2023-13624
148,2023-04-27,Brasil,Educación,Exportación,80767.45,4.9,332,8.22,6687.84.91,FAC-2023-40562
149,02/10/2023,AR,Logística,Importación,160966.61,239.6,498,18.42,7669.34.59,FAC-2023-51896
150,2023-10-24,Argentina,Logística,Importación,113761.86,43.2,268,6.02,0707.46.73,FAC-2023-95755
151,2024-09-27,Perú,Logística,Exportación,55179.08,139.9,445,22.98,1701.78.13,FAC-2024-80564
152,2024-06-02,MÉXICO,Manufactura,IMPORTACIÓN,312665.27,,471,5.84,7308.59.82,FAC-2024-39428
153,2023-09-28,USA,Manufactura,Importación,322000.85,476.0,415,17.33,54157479,FAC-2023-23607
154,2023-05-03,Brasil,Logística,Importación,80340.87,308.3,369,22.69,3905.83.58,FAC-2023-17329
155,2024-03-20,Argentina,Logística,Exportación,-144507.08,564.5,26,12.13,7483.59.94,FAC-2024-91785
156,2024-10-10,Brasil,Minería,Importación,972773.46,2454.7,26,8.79,6150.78.22,FAC-2024-86955
157,2023-12-14,USA,Logística,Importación,160013.97,304.9,408,7.63,8241.57.20,FAC-2023-61352
158,2022-12-17,PE,Agroindustria,Importación,14654.06,329.3,-310,2.96,9531.91.13,
159,2022-10-06,Colombia,Agroindustria,Importación,113766.59,933.5,30,19.78,4921.12.72,FAC-2022-10946
160,2023-02-14,  España  ,Finanzas,Importación,340473.34,0.0,356,18.95,5033.71.72,FAC-2023-80185
161,2023-09-17,BRASIL,Retail,Exportación,247936.39,53.3,175,14.15,4025.52.76,FAC-2023-46506
162,2024-07-16,España,Educación,Exportación,61784.47,19.4,400,23.17,5535.83.61,FAC-2024-31499
163,2024-05-21,Chile,Tecnología,Importación,325891.91,31.5,119,1.4,2985.68.38,FAC-2024-99216
164,2022-04-07,Alemania,Agroindustria,Exportación,98827.92,420.5,34,9.89,1356.45.46,FAC-2022-40999
165,2023-04-16,Chile,Finanzas,Importación,332151.39,0.0,327,24.44,1772.15.84,FAC-2023-32264
166,2024-10-20,Ecuador,Retail,Importación,203609.36,20.8,404,18.1,3382.75.52,FAC-2024-42931
167,2023-03-26,Chile,Minería,Importación,509243.31,1855.6,50,7.76,4322.19.75,FAC-2023-79547
168,2022-05-10,Ecuador,Agroindustria,Importación,103428.13,584.0,347,14.82,2836.32.43,FAC-2022-26607
169,2024-12-08,Brasil,Agroindustria,Exportación,53034.82,-1739.5,283,23.72,5561.97.41,FAC-2024-28993
170,2024-06-04,Brasil,Tecnología,Importación,688104.87,4.6,154,7.77,5902.57.35,FAC-2024-49834
171,2022-04-27,USA,MANUFACTURA,Exportación,228770.73,795.8,24,2.48,4319.27.14,FAC-2022-71925
172,2023-11-06,USA,Agroindustria,Importación,140654.95,1748.8,209,15.49,7305.13.96,FAC-2023-46647
173,2022-10-02,Argentina,,Importación,172885.3,180.7,118,0.18,8037.44.81,FAC-2022-60910
174,2024-11-27,Brasil,Agroindustria,Importación,142608.98,142.2,178,7.51,5207.85.48,FAC-2024-43769
175,2023-10-05,USA,Educación,Exportación,37252.19,17.1,155,4.16,9269.46.33,FAC-2023-97340
176,2023-01-06,España,Manufactura,Importación,167639.21,796.1,12,18.54,,FAC-2023-77075
177,2023-10-14,Chile,Tecnología,Exportación,102278.36,28.4,232,8.56,2385.95.19,FAC-2023-85260
178,2024-05-23,Argentina,Tecnología,Exportación,575801.45,26.7,220,18.75,7013.91.66,FAC-2024-14277
179,2024-05-24,Alemania,Agroindustria,Importación,85456.07,695.6,107,4.26,5360.69.51,FAC-2024-62853
180,2022-02-06,Alemania,Tecnología,Importación,359716.23,37.1,50,20.29,9448.70.43,FAC-2022-81817
181,2022-05-13,Ecuador,Finanzas,Importación,266893.71,0.0,470,2.73,1451.65.35,FAC-2022-18450
182,2024-03-05,Alemania,Tecnología,Exportación,178092.09,23.4,206,1.82,7375.62.32,FAC-2024-55187
183,2024-10-23,Alemania,Tecnología,Exportación,531445.48,28.2,221,21.07,6333.86.11,fac-2024-61834
184,2022-08-26,Chile,Educación,Importación,22391.88,1.6,89,14.17,9553.31.22,FAC-2022-52854
185,2024-01-18,Argentina,Educación,Importación,52232.0,17.2,151,12.73,6539.24.62,FAC-2024-47876
186,2024-02-23,Colombia,Tecnología,Exportación,547590.91,16.0,268,8.15,3327.74.15,FAC-2024-19593
187,2022-01-16,México,Tecnología,Exportación,380167.9,32.6,451,10.91,1041.83.64,FAC-2022-93904
188,2024-08-21,España,Minería,Exportación,809369.57,2189.2,267,,1077.57.48,FAC-2024-64055
189,2022-08-10,Brasil,Educación,Import,72730.38,7.5,14,12.3,3902.65.47,FAC-2022-10946
190,2024-01-11,Colombia,Educación,Exportación,"$73,976.28",19.5,210,17.72,4602.11.83,FAC-2024-70690
191,2024-08-10,Chile,Educación,Importación,77918.15,14.7,496,9.54,1581.69.64,FAC-2024-73871
192,2023-10-11,México,Logística,Exportación,89483.45,189.4,77,17.15,9335.40.81,FAC-2023-59923
193,2022-02-13,Perú,Tecnología,Exportación,579130.93,5.2,295,15.16,2967.58.67,FAC-2022-48974
194,2023-02-26,Colombia,Tecnología,Exportación,138998.89,2.2,,6.29,3765.95.81,FAC-2023-21272
195,2023-07-07,,Tecnología,Importación,430845.16,28.3,212,,7184.50.28,FAC-2023-46776
196,2022-10-02,México,Agroindustria,Importación,123687.94,823.1,192,1.41,3183.49.85,FAC-2022-18585
197,2022-01-05,Perú,Logística,Importación,188961.54,103.9,346,1.92,7027.73.55,FAC-2022-38873
198,2024-01-18,Alemania,Tecnología,Exportación,,14.8,181,1.48,9443.94.17,FAC-2024-19556
199,2024-01-07,España,Manufactura,Exportación,122265.33,350.8,318,,8718.44.54,FAC-2024-57066
200,2022-04-26,España,,Importación,428436.54,39.6,496,16.99,0813.55.70,FAC-2022-16877
201,2022-09-09,Perú,Tecnología,Exportación,527129.38,27.8,361,6.01,4078.52.67,FAC-2022-37100
202,2024-11-25,España,Tecnología,Exportación,99927.92,39.8,426,11.01,2679.60.32,FAC-2024-24212
203,2023-06-13,Argentina,Logística,Importación,186524.27,421.3,340,11.31,5074.54.56,FAC-2023-74350
204,25 de enero 2024,Brasil,Logística,Importación,63800.63,95.2,248,19.17,7896.24.30,FAC-2024-24168
205,2022-02-05,Colombia,Educación,Importación,38029.54,11.1,450,17.01,6997.44.92,FAC-2022-48469
206,2024-12-03,Argentina,Logística,Importación,129923.02,494.8,109,,2353.74.23,FAC-2024-75951
207,2023-03-28,México,Agroindustria,Exportación,"$102,280.47",1428.9,130,10.21,18407964,FAC-2023-11374
208,2022-12-25,Brasil,Manufactura,Exportación,,196.6,27,16.8,3295.15.61,FAC-2022-80747
209,2022-07-06,México,Manufactura,Importación,382247.82,789.3,77,11.16,1362.57.39,FAC-2022-26791
210,2024-06-16,Brasil,Minería,Importación,904725.42,661.4,326,5.6,1814.51.98,FAC-2024-39667
211,2022-04-04,  México  ,Educación,Exportación,55948.36,12.3,23,17.2,6578.70.93,FAC-2022-60785
212,2024-11-28,Perú,Minería,Exportación,469012.19,332.0,274,16.94,1697.67.32,FAC-2024-31910
213,2024-01-03,Perú,Finanzas,Importación,84663.65,0.0,411,,8196.87.13,FAC-2024-56312
214,2023-09-05,Argentina,Minería,Importación,462877.7,258.6,231,13.0,1661.77.97,FAC-2023-73608
215,2022-02-10,Colombia,Tecnología,Export,,21.9,202,17.19,4714.29.64,FAC-2022-43244
216,2024-07-09, brasil ,Agroindustria,Exportación,101680.91,964.6,415,,8819.69.97,FAC-2024-47982
217,2022-07-26,Perú,Tecnología,Exportación,196768.9,36.2,96,7.09,8043.21.40,FAC-2022-39444
218,2023-04-02,España,Manufactura,Importación,260324.2,688.1,270,4.65,8731.61.25,FAC-2023-84668
219,4 de abril 2023,USA,Tecnología,Exportación,290930.51,13.2,317,2.42,8238.20.70,FAC-2023-50416
220,2022-09-27,Perú,Minería,Exportación,812868.66,3610.9,316,0.13,4116.15.26,FAC-2022-95542
221,2022-01-16,Ecuador,Educación,Exportación,"$84,707.72",17.2,19,,2749.33.94,FAC-2022-16849
222,2023-12-05,Brasil,Tecnología,Exportación,183871.42,39.4,285,18.41,8880.20.67,FAC-2023-62185
223,2023-07-04,USA,Tecnología,Importación,425451.46,33.6,233,18.42,8676.86.47,FAC-2023-24934
224,2024-06-27,Perú,Agroindustria,Importación,62595.99,924.7,383,18.81,7150.96.46,FAC-2024-80092
225,2022-02-19,USA,Tecnología,Exportación,216348.28,37.4,304,13.25,6468.10.29,FAC-2022-52909
226,2023-05-25,USA,Agroindustria,Exportación,144090.83,1409.4,-470,16.95,0452.89.38,FAC-2023-22121
227,2024-10-02,Brasil,Tecnología,Importación,564833.73,23.0,500,22.58,,FAC-2024-61508
228,11 de octubre 2024,Brasil,Tecnología,Exportación,549590.38,34.1,-291,8.85,8747.92.13,FAC-2024-97349
229,2022-09-19,Colombia,Finanzas,Exportación,427210.27,0.0,434,6.72,2734.37.69,FAC-2022-25112
230,01/11/2024,España,Agroindustria,Exportación,70008.74,445.0,138,20.71,9992.41.59,FAC-2024-68059
231,2023-06-22,España,Agroindustria,Exportación,108912.03,,55,8.08,5266.10.94,FAC-2023-70552
232,2022-02-04,Ecuador,Educación,Exportación,11833.69,-13.3,382,21.54,2569.67.27,FAC-2022-46509
233,2023-04-18,USA,Logística,Importación,202147.92,454.7,190,12.59,0709.57.54,FAC-2023-75726
234,2024-06-04,Brasil,Tecnología,Exportación,269924.02,26.6,247,7.55,1806.14.48,FAC-2024-25220
235,06/23/2024,España,Retail,Exportación,206223.13,131.2,270,24.63,3164.13.56,FAC-2024-58353
236,2024-03-20,USA,Finanzas,Exportación,433340.99,0.0,356,24.24,9796.67.39,FAC-2024-50562
237,2023-12-28,  Argentina  ,Manufactura,Importación,127254.62,762.6,164,,,FAC-2023-73263
238,2022-11-22, méxico ,Logística,Importación,26139.81,162.6,455,7.99,8286.60.12,FAC-2022-47963
239,2022-03-20,USA,Finanzas,Exportación,414776.54,0.0,117,,3497.24.16,FAC-2022-62264
240,2022-10-23,,Manufactura,Importación,301152.1,629.0,456,18.19,6727.81.51,FAC-2022-72701
241,2024-08-26,Chile,Minería,Exportación,473880.98,3019.2,77,,2045.74.11,fac-2024-40999
242,2022-04-05,Chile,Finanzas,Exportación,,0.0,23,17.9,5429.67.85,FAC-2022-10851
243,2024-05-06,España,Finanzas,Importación,"$147,884.28",0.0,442,,,FAC-2024-96565
244,2024-01-12,Argentina,Educación,Importación,85077.0,19.1,30,17.51,1174.75.60,FAC-2024-17922
245,11 de octubre 2023,PE,Agroindustria,Exportación,128403.55,149.4,325,4.74,8458.31.30,FAC-2023-36764
246,2023-07-09,México,Educación,Importación,54878.16,14.0,497,23.57,3889.18.62,FAC-2023-28242
247,2022-07-23,Argentina,Retail,Importación,115883.09,86.1,500,9.13,4411.68.47,FAC-2022-33149
248,2023-12-09,ARGENTINA,Logística,Importación,103609.35,114.8,,9.76,4351.83.10,FAC-2023-74314
249,2022-05-03,USA,Finanzas,Exportación,130673.16,0.0,103,17.08,6495.35.40,FAC-2022-44787
250,2022-02-14,México,Manufactura,Importación,-326816.27,121.9,272,11.73,,FAC-2022-22648
251,2024-04-01,México,Logística,Importación,113974.13,95.6,334,3.79,1688.99.68,FAC-2024-96531
252,2022-09-18,Alemania,Retail,Exportación,270822.78,172.6,173,7.7,6393.92.69,FAC-2022-74631
253,2023-04-01,Alemania,Minería,Importación,214550.28,2311.0,120,,0751.40.15,FAC-2023-41287
254,2024-07-24,México,Finanzas,Exportación,206413.64,0.0,394,8.92,2303.61.94,FAC-2024-47100
255,2023-03-20,Argentina,Minería,Exportación,256359.46,2070.3,492,7.59,0703.55.43,FAC-2023-30788
256,2023-03-07,Perú,Tecnología,Exportación,478949.1,11.8,380,12.26,4622.27.79,FAC-2023-81058
257,2023-04-19,,Retail,Importación,200483.72,10.9,426,8.27,50305761,FAC-2023-28568
258,2023-04-18,España,Logística,Importación,77217.08,533.2,421,11.74,27485062,FAC-2023-39002
259,2022-04-16,Chile,Finanzas,Importación,424205.54,0.0,252,2.91,9590.66.72,FAC-2022-68918
260,2023-03-26,Brasil,MINERÍA,Importación,281589.92,1528.7,456,0.59,4336.18.45,FAC-2023-76768
261,2024-10-13,Chile,FINANZAS,Importación,474113.25,0.0,210,19.3,3818.69.74,FAC-2024-62007
262,2024-08-27, chile ,,Importación,,1383.6,70,24.62,3278.79.29,
263,2023-03-09,México,Finanzas,Importación,318735.19,0.0,268,13.75,8088.88.25,FAC-2023-22672
264,2024-01-15,México,Tecnología,Exportación,552934.55,23.6,164,9.42,1722.59.27,FAC-2024-25397
265,2022-05-14,DE,Agroindustria,Exportación,154356.92,422.2,81,6.71,2256.45.63,FAC-2022-20082
266,2024-09-26,Colombia,Educación,Exportación,77376.8,3.2,181,6.8%,9274.90.19,FAC-2024-76949
267,2022-06-19,Colombia,Logística,Importación,24660.31,226.0,286,13.34,0452.73.28,FAC-2022-51971
268,2022-04-03,Alemania,Educación,Importación,49451.66,,177,10.27,1517.78.63,FAC-2022-19012
269,,Colombia,Educación,Exportación,56210.41,15.7,-72,10.5,5909.24.73,FAC-2024-12154
270,2022-03-01,Perú,Retail,Importación,71437.92,183.1,264,5.19,6546.55.89,FAC-2022-28071
271,2023-05-22,Ecuador,,Importación,222422.38,,204,1.59,6957.34.10,FAC-2023-89594
272,12 de febrero 2024,Ecuador,Manufactura,Exportación,232352.81,734.0,380,4.38,2642.26.47,FAC-2024-14048
273,2022-10-07,,Manufactura,Importación,229466.02,236.7,161,13.8,06694047,FAC-2022-29416
274,2022-02-12,Alemania,,Exportación,832424.95,3343.6,124,4.76,3537.73.58,FAC-2022-37080
275,2023-02-05,Ecuador,Educación,Importación,71826.12,7.4,450,14.86,7889.35.71,FAC-2023-62198
276,2024-11-15,USA,Finanzas,Importación,465842.57,0.0,353,20.2,2428.33.20,FAC-2024-89174
277,2022-04-10,España,,Exportación,235559.25,23.0,74,18.82,0274.46.70,FAC-2022-54657
278,2022-11-19,México,Tecnología,Importación,669285.5,17.1,500,20.08,7054.12.74,FAC-2022-93888
279,2024-02-04,Argentina,Tecnología,Exportación,539187.25,17.1,96,0.04%,9054.77.63,FAC-2024-66485
280,2023-04-06,España,Finanzas,Exportación,491847.63,0.0,493,14.53,6679.20.96,FAC-2023-80321
281,2023-12-10,Colombia,Tecnología,Importación,180476.99,8.7,367,2.31,4745.92.76,FAC-2023-92709
282,2022-12-24,Alemania,Retail,Exportación,85368.8,66.4,135,20.18,3485.16.45,FAC-2022-28844
283,2023-08-09,Perú,Tecnología,Importación,184269.54,14.0,1600,12.25,2210.73.54,FAC-2023-64924
284,2023-09-13,Ecuador,TECNOLOGÍA,Exportación,440187.9,35.1,189,20.94,8912.46.13,FAC-2023-31352
285,2023-06-17,Brasil,Manufactura,Exportación,393310.89,683.8,117,3.72,1108.85.25,FAC-2023-68840
286,2022-09-28,Colombia,Finanzas,Importación,504718.91,0.0,119,10.19,4116.69.24,FAC-2022-74987
287,2023-01-23,Ecuador,Educación,Exportación,75790.13,8.7,492,6.54,3735.20.67,FAC-2023-21114
288,2022-09-26,España,Retail,Exportación,108570.57,14.0,168,19.81,2325.23.33,FAC-2022-39232
289,2024-10-14,Perú,Agroindustria,Importación,85821.01,912.8,461,5.72,1240.62.50,FAC-2024-93188
290,2024-03-01,Chile,Tecnología,Exportación,317827.24,23.8,225,14.32,8538.80.92,FAC-2024-88683
291,2024-12-24,  Perú  ,Retail,Importación,238426.85,16.9,413,23.42,3805.11.48,FAC-2024-24064
292,2024-07-28,  España  ,Minería,Exportación,221021.35,1964.1,52,6.06,1861.45.30,FAC-2024-12367
293,2022-08-24,México,Logística,Exportación,61019.69,256.5,199,2.72,1981.20.22,FAC-2022-37221
294,2022-05-01,Ecuador,Agroindustria,Importación,141631.43,277.6,323,20.14,69969040,FAC-2022-46317
295,2022-04-02,Perú,Logística,Exportación,113306.31,394.7,467,15.57,7687.54.57,FAC-2022-32607
296,2022-03-24,Chile,RETAIL,Importación,227350.36,144.6,198,2.66,3656.81.99,FAC-2022-18542
297,2022-12-16,Chile,Tecnología,Importación,263999.16,16.6,190,15.82%,2205.75.42,FAC-2022-48466
298,2022-03-19,Argentina,Logística,Importación,"$136,562.15",224.0,350,,6743.91.74,FAC-2022-57091
299,2023-07-17,México,Finanzas,Exportación,382275.27,0.0,61,,4962.85.14,FAC-2023-29862
300,2023-09-24,Colombia,Finanzas,Importación,78404.74,0.0,423,18.43,0917.35.87,
301,2024-07-26,Perú,Finanzas,Importación,415757.58,0.0,411,10.02,3511.19.19,
302,2022-09-20,Perú,Finanzas,Importación,157297.22,0.0,370,14.86,3837.31.93,FAC-2022-46298
303,2022-07-24,Chile,Logística,Exportación,"$169,966.16",434.5,409,,25261741,FAC-2022-16626
304,2024-06-28,Colombia,Retail,Importación,202679.68,111.5,,12.95,6353.53.30,FAC-2024-30257
305,12/03/2024,Ecuador,Finanzas,Importación,104585.89,0.0,88,4.67,4222.44.75,FAC-2024-75655
306,2022-01-08,Ecuador,Retail,Importación,132036.9,48.4,24,20.09,2383.15.72,FAC-2022-17251
307,2023-03-12,Perú,MANUFACTURA,Importación,287600.17,701.1,,16.31,1801.44.45,FAC-2023-17418
308,27 de noviembre 2022,Perú,Retail,Exportación,232299.88,21.9,198,12.98,0504.29.71,FAC-2022-33354
309,2023-05-17,Ecuador,,Exportación,126478.94,77.4,438,23.65,3090.20.93,FAC-2023-61076
310,2024-03-03,España,Agroindustria,Exportación,48844.98,1106.3,80,10.34,5967.97.56,FAC-2024-68009
311,,,AGROINDUSTRIA,Exportación,105335.01,876.4,50,15.26,0957.33.43,FAC-2022-46194
312,2022-02-04,Alemania,Retail,Importación,199789.59,163.0,237,1.35,2282.13.61,FAC-2022-58621
313,2022-07-04,Brasil,Tecnología,Exportación,475913.91,39.2,176,12.19,1149.88.46,FAC-2022-28985
314,2022-03-11,México,Tecnología,Importación,679520.18,24.6,254,6.48,9220.94.26,FAC-2022-84391
315,2024-12-01,Chile,Minería,Exportación,703359.74,338.6,106,13.65,4928.54.36,FAC-2024-99080
316,2023-10-16,Chile,Agroindustria,Importación,87058.21,1433.0,297,12.38,8782.29.48,FAC-2023-10845
317,2024-09-17,México,Educación,Exportación,65263.56,13.7,131,9.86%,,FAC-2024-49597
318,2022-08-21,Chile,RETAIL,Importación,170593.42,151.6,102,25.0,3974.26.22,FAC-2022-80452
319,2024-06-28,Colombia,Finanzas,Importación,493731.63,0.0,286,14.94,8273.65.77,FAC-2024-79964
320,2023-01-05,Chile,Finanzas,Exportación,132924.42,0.0,411,9.0,9831.53.29,FAC-2023-17926
321,2022-03-06,Argentina,Tecnología,Exportación,,33.6,354,10.48,8007.14.34,FAC-2022-78922
322,2024-08-25,Ecuador,Educación,Exportación,19545.31,1.5,335,21.93,0198.94.58,FAC-2024-50306
323,2023-05-28,Perú,Manufactura,Importación,,300.2,310,2.06,8694.12.84,FAC-2023-68468
324,2022-04-05,Colombia,Retail,Importación,45514.09,184.3,43,16.15,1243.25.15,FAC-2022-16637
325,2023-09-20,Brasil,Agroindustria,Importación,91897.24,1338.9,464,16.22,3911.14.78,FAC-2023-26515
326,2023-04-21,España,Finanzas,Importación,376920.47,0.0,85,11.12,7456.61.97,FAC-2023-34680
327,2022-08-28,Brasil,Agroindustria,Exportación,-50319.73,1719.4,333,24.62,9668.57.48,FAC-2022-51331
328,08/25/2024,Ecuador,Agroindustria,Exportación,140341.91,154.9,419,3.96,7153.21.38,FAC-2024-24871
329,2024-08-13,Chile,Tecnología,Exportación,353662.99,,69,9.57,2987.99.39,FAC-2024-64057
330,2022-02-04,Ecuador,Logística,Exportación,164734.89,54.1,327,22.45,7436.72.33,FAC-2022-76995
331,2023-05-27,Ecuador,Minería,Importación,651741.3,3356.6,,1.44,5455.22.49,FAC-2023-92160
332,2023-04-25,Perú,Manufactura,Importación,180407.83,536.1,234,5.92,2129.78.53,FAC-2023-16125
333,,España,Tecnología,Importación,508246.32,4.3,488,7.18,1899.92.92,FAC-2023-59081
334,2024-01-04,Brasil,Minería,Importación,108990.4,3701.3,56,15.63,29307356,FAC-2024-74597
335,2022-02-08,Alemania,Tecnología,Exportación,171067.59,6.1,167,21.52,5828.39.22,FAC-2022-63547
336,2022-01-22,Colombia,Retail,Importación,108555.17,139.4,291,3.95,6162.93.35,FAC-2022-47649
337,2022-11-04,España,Manufactura,Importación,161713.37,234.9,486,7.12,7334.23.25,FAC-2022-36493
338,2024-07-15,México,Minería,Importación,945355.92,2112.8,100,5.7,8139.61.27,FAC-2024-53364
339,2022-06-07,Argentina,Logística,Exportación,199321.22,403.5,64,5.47,5880.75.35,FAC-2022-34635
340,2022-07-20,Alemania,Finanzas,Exportación,107143.0,0.0,125,10.79,3003.17.13,FAC-2022-35712
341,2022-06-06,México,Manufactura,Importación,347903.31,593.8,387,21.6,5301.97.76,FAC-2022-85588
342,2022-08-03,Argentina,Retail,Exportación,170052.13,27.8,339,19.48,,FAC-2022-49687
343,11 de septiembre 2022,Chile,Agroindustria,Importación,,,172,9.76,6313.98.96,FAC-2022-75107
344,2022-05-12,Ecuador,MANUFACTURA,Exportación,250404.25,41.1,389,18.42,5834.44.89,FAC-2022-57938
345,2024-08-02,Argentina,Finanzas,Importación,265811.35,0.0,408,23.46,2417.18.17,FAC-2024-16158
346,2023-04-22,México,FINANZAS,Importación,378986.92,0.0,481,15.97,8187.79.67,FAC-2023-79062
347,2022-07-07,Ecuador,Educación,Importación,18396.84,8.8,147,21.4,5433.92.87,FAC-2022-25022
348,,USA,Tecnología,Exportación,174428.91,27.6,451,15.95,2425.23.39,FAC-2022-75769
349,2022-09-11,Brasil,Agroindustria,Exportación,28359.71,539.5,114,13.37,1488.80.66,FAC-2022-38931
350,2022-12-23,Argentina,Educación,Exportación,72762.81,9.1,322,18.77,9608.32.45,fac-2022-37604
351,2023-12-07,Alemania,Manufactura,Exportación,366225.61,116.4,311,8.79,1832.45.92,FAC-2023-82534
352,2022-11-08,México,Manufactura,Exportación,278950.23,286.7,462,18.05,7938.51.17,FAC-2022-11364
353,2023-07-04,Perú,Finanzas,Exportación,344523.92,0.0,327,8.49,0459.76.52,FAC-2023-24156
354,2022-06-20,Argentina,Educación,Exportación,35129.64,15.5,64,11.66,3219.22.16,FAC-2022-60351
355,2023-06-06,Alemania,Agroindustria,Exportación,145973.32,1417.1,119,18.36,4395.58.36,FAC-2023-10881
356,2022-03-27,Perú,Tecnología,Exportación,169853.1,23.0,115,6.62,7648.12.67,FAC-2022-76278
357,2022-10-22,USA,Tecnología,Exportación,554761.17,3.6,50,11.06,6228.35.78,FAC-2022-83664
358,2023-03-20,Alemania,Educación,Exportación,44690.85,15.0,325,10.35,7282.37.11,FAC-2023-46913
359,2024-10-23, usa ,Minería,Exportación,862194.59,1992.3,55,5.54,0593.59.61,FAC-2024-78289
360,2022-07-09,Chile,Minería,Importación,699580.56,419.3,227,,4781.96.13,FAC-2022-94585
361,2022-10-14,Perú,Manufactura,Exportación,200760.69,46.7,345,,6165.86.69,FAC-2022-54433
362,2024-09-14,USA,Educación,Importación,81257.62,10.9,200,4.15,8827.88.57,FAC-2024-42930
363,2022-11-28,México,Minería,Importación,179733.5,3316.7,151,10.52,2063.74.84,FAC-2022-26027
364,2024-07-26,Ecuador,Tecnología,Importación,401995.14,35.0,28,8.99,6977.91.20,FAC-2024-42536
365,2022-08-24,Ecuador,Manufactura,Exportación,212575.15,,417,7.51,1171.64.71,FAC-2022-60922
366,2024-08-23,Chile,Tecnología,Exportación,213122.41,28.3,377,23.76,3945.63.10,FAC-2024-35153
367,2024-07-04,Argentina,Logística,Exportación,159182.24,140.1,313,9.72,8340.73.78,FAC-2024-68891
368,2022-11-27,España,Minería,Importación,796380.51,1087.5,388,2.03,6185.99.22,FAC-2022-48517
369,12 de octubre 2024,  Ecuador  ,Tecnología,Exportación,431372.02,5.0,279,24.59,6067.20.76,FAC-2024-21592
370,2022-05-20,España,Manufactura,Exportación,352628.79,296.8,33,20.94,9958.68.94,FAC-2022-76086
371,2023-11-28,USA,Finanzas,Importación,477601.2,,491,1.16,7720.62.90,FAC-2023-68493
372,2024-03-06,Argentina,Tecnología,Exportación,388413.02,23.7,269,23.31,08044379,FAC-2024-72168
373,2024-08-20,Brasil,Retail,Exportación,276606.71,56.5,355,3.45,3744.50.25,FAC-2024-65184
374,2023-12-23,Alemania,Logística,Importación,165849.6,352.0,44,23.72,4119.13.50,FAC-2023-64269
375,2022-02-08,Argentina,Agroindustria,Exportación,157438.43,,397,12.97,3624.84.65,FAC-2022-74451
376,2023-11-19,Alemania,Finanzas,Importación,195808.25,0.0,244,18.8%,5980.82.22,FAC-2023-37938
377,,España,Agroindustria,Importación,123585.66,1550.8,324,10.74,6250.10.14,FAC-2023-58903
378,2024-01-03,Ecuador,Retail,Importación,270314.58,106.6,255,17.13,,FAC-2024-34927
379,2024-08-08,Colombia,Retail,Importación,64205.55,111.9,136,13.89,4271.51.31,FAC-2024-97633
380,2022-05-25,USA,Logística,Importación,97407.75,138.6,,7.62,7957.89.28,FAC-2022-40603
381,05/11/2022,USA,Retail,Importación,126518.0,187.2,281,9.48,5711.37.98,FAC-2022-88588
382,2024-07-23,USA,Finanzas,Importación,523135.64,0.0,465,16.56,3740.84.99,FAC-2024-59147
383,2024-10-15,España,Educación,Importación,16392.58,7.3,91,18.05%,9605.97.96,FAC-2024-78126
384,2022-07-12,Chile,Agroindustria,Exportación,134856.04,1184.8,71,20.72,6833.73.21,FAC-2022-26027
385,2024-10-15,USA,Tecnología,Exportación,644450.73,37.8,478,,6652.26.47,FAC-2024-81943
386,2024-02-05,ECUADOR,Agroindustria,Exportación,129733.92,1225.3,264,8.53,4982.15.95,FAC-2024-70536
387,2023-05-22,Chile,Finanzas,Import,376214.1,0.0,,,7990.46.18,FAC-2023-49307
388,2024-04-02,México,Logística,Importación,148705.1,403.6,142,10.11,7591.83.34,FAC-2024-39145
389,2022-12-20,USA,Manufactura,Importación,121941.41,390.4,448,11.92,9895.99.12,FAC-2022-73213
390,2022-07-27,Alemania,Finanzas,Importación,297522.0,-0.0,320,3.93,6613.73.87,
391,17 de noviembre 2022,Perú,  manufactura  ,Importación,105134.42,495.5,19,18.2,1128.67.87,FAC-2022-73133
392,2024-02-12,USA,Finanzas,Importación,177207.93,0.0,366,,8882.17.47,FAC-2024-38329
393,2024-07-05,Colombia,  tecnología  ,Importación,586403.18,25.0,364,7.83,4922.16.57,FAC-2024-35523
394,17 de septiembre 2024,Ecuador,Agroindustria,Importación,157093.18,401.6,335,15.45,9792.29.79,FAC-2024-89910
395,2023-01-18,Ecuador,Tecnología,Importación,522465.4,37.9,330,13.77,2942.44.36,FAC-2023-61834
396,2022-12-11,Ecuador,Educación,Importación,13166.26,14.9,170,7.48,9718.92.96,FAC-2022-79534
397,2022-12-25,España,Educación,Importación,38016.59,3.8,232,16.54,,FAC-2022-71903
398,,Argentina,Tecnología,Importación,173564.85,20.9,274,17.95,8309.61.44,FAC-2024-98211
399,2023-01-21,Alemania,Tecnología,Exportación,387103.61,10.2,180,23.67,4259.60.87,FAC-2023-74445
400,2022-07-20,España,Logística,Importación,29315.13,264.8,437,8.04,5301.44.98,FAC-2022-83716
401,2024-04-18,Alemania,Finanzas,Exportación,519853.0,0.0,,10.74,3262.12.22,FAC-2024-43841
402,2024-04-23, méxico ,Agroindustria,Exportación,89668.31,1475.7,413,7.18,4134.77.83,FAC-2024-56380
403,2022-06-02,España,Logística,Exportación,153866.39,86.3,349,22.8,9069.76.60,FAC-2022-94305
404,2022-10-17,Perú,Manufactura,Importación,"$39,735.68",166.5,261,18.56,4643.10.36,FAC-2022-10259
405,2022-07-04,Brasil,Manufactura,Exportación,61559.08,79.7,34,14.98,5940.44.70,FAC-2022-57988
406,2023-11-23,Chile,Retail,Importación,223690.09,37.9,237,18.27,8176.47.94,FAC-2023-19254
407,2022-05-08,Perú,Agroindustria,Exportación,44320.11,546.7,421,3.98,4911.22.20,FAC-2022-11112
408,2024-10-11,España,Finanzas,Importación,264325.48,0.0,89,19.54,8089.60.93,FAC-2024-53065
409,2024-05-20,CO,Minería,Importación,129141.93,2736.6,263,17.38,2957.92.37,FAC-2024-48901
410,2022-08-28,Ecuador,Agroindustria,Exportación,20141.36,811.2,37,9.26,0378.16.74,FAC-2022-83985
411,2022-07-12,Brasil,Logística,Exportación,157801.62,247.9,230,7.01%,4437.57.12,FAC-2022-11038
412,2023-04-06,Ecuador,Minería,Exportación,166041.34,2163.1,323,17.12,9669.44.62,FAC-2023-18973
413,8 de enero 2024,USA,Logística,Importación,43767.94,367.3,383,1.86,4984.30.61,FAC-2024-43315
414,10/16/2024,México,Tecnología,Importación,-301552.01,18.4,99,,0999.45.46,FAC-2024-36568
415,2024-08-19,Brasil,Retail,Exportación,239395.66,171.0,277,,0826.44.30,FAC-2024-99573
416,2023-10-08,México,Tecnología,Exportación,208326.57,2.2,80,18.22,,FAC-2023-42654
417,2022-03-25,Alemania,Manufactura,Importación,207363.16,129.3,,,6464.79.10,FAC-2022-74679
418,2022-12-12,Alemania,Manufactura,Importación,417334.3,538.6,134,15.89,3209.92.24,FAC-2022-45593
419,2022-05-19,Argentina,,Importación,126320.43,1232.8,55,12.5,4498.90.17,FAC-2022-94485
420,2024-12-27,Chile,Educación,Importación,75076.18,17.3,93,23.38,5554.17.51,FAC-2024-86489
421,2023-12-14,USA,Logística,Importación,160013.97,304.9,408,7.63,8241.57.20,FAC-2023-61352
422,2024-05-22,USA,Minería,Exportación,261570.81,2038.3,305,17.64,8516.39.67,FAC-2024-31206
423,2023-06-16, españa ,Educación,Importación,17346.04,3.0,271,,2904.39.64,FAC-2023-56309
424,2022-01-27,USA,Minería,Exportación,90521.21,2032.3,439,24.98,28757546,FAC-2022-80004
425,2024-03-08,Ecuador,Tecnología,Exportación,635356.1,33.6,395,0.16,5677.60.59,FAC-2024-17228
426,2024-10-03,Ecuador,Finanzas,Exportación,282938.95,0.0,,15.32,4286.59.48,FAC-2024-97441
427,2022-04-05,PERÚ,Manufactura,Importación,48092.51,590.3,397,7.49,2089.18.30,FAC-2022-10999
428,2022-03-28,México,Agroindustria,Exportación,153440.69,1107.9,242,9.25,7377.20.16,fac-2022-90981
429,2024-07-14,Brasil,Logística,Importación,95210.78,251.8,43,6.96,0609.37.62,FAC-2024-88494
430,2024-01-20,Brasil,Finanzas,Importación,474728.73,0.0,413,16.28,8657.96.25,FAC-2024-59332
431,2024-08-23,Chile,Minería,Exportación,681275.86,3143.6,432,6.71,1236.67.41,FAC-2024-84691
432,2024-04-06,México,Tecnología,Importación,64198.75,,424,16.3,0815.89.38,FAC-2024-47182
433,2022-02-05,Colombia,Educación,Importación,38029.54,11.1,450,17.01,6997.44.92,FAC-2022-48469
434,2022-09-08,México,Logística,Exportación,49857.18,456.9,157,11.72,5235.74.79,FAC-2022-20543
435,2024-01-22,Brasil,Manufactura,Exportación,352818.26,594.0,-237,15.21,5323.91.10,FAC-2024-83473
436,2024-12-25,USA,Minería,Exportación,747023.59,1064.4,60,17.6,22894813,FAC-2024-17355
437,2022-03-14,Perú,Tecnología,Importación,203281.13,32.7,152,10.83,7201.79.38,FAC-2022-14261
438,2024-11-22,Brasil,Manufactura,Importación,76682.71,208.7,295,14.38,5160.96.85,FAC-2024-29758
439,2023-10-14,Chile,Agroindustria,Importación,67795.86,,54,22.03,4659.90.76,FAC-2023-34480
440,2022-09-16,USA,Retail,Exportación,83913.32,154.6,434,,0280.24.54,FAC-2022-93481
441,,Alemania,Finanzas,Importación,138478.32,0.0,324,0.9,0121.21.45,FAC-2024-56285
442,2024-06-19,México,Retail,Exportación,101629.56,40.4,93,13.31,2172.80.90,FAC-2024-46861
443,2023-11-24,  USA  ,Retail,Exportación,84200.34,,316,22.86,1864.34.15,FAC-2023-67068
444,2022-01-08,,Educación,Importación,56630.78,7.5,420,,7691.28.24,FAC-2022-57826
445,2022-07-05,Brasil,Tecnología,Exportación,386994.03,27.5,470,6.03,0771.33.66,FAC-2022-94596
446,25 de febrero 2023,Ecuador,Retail,Importación,220387.35,197.7,235,4.55,6386.82.54,FAC-2023-21142
447,2022-02-06,Perú,Manufactura,Importación,66015.17,276.7,135,15.15,7458.91.35,FAC-2022-73068
448,2022-11-18,España,Educación,Exportación,11069.35,6.0,298,18.81,1186.54.79,FAC-2022-87296
449,2024-01-14, argentina ,Logística,Importación,24455.15,303.2,430,12.38,9702.98.62,FAC-2024-27394
450,2024-08-18,México,Agroindustria,Importación,49144.55,161.2,451,10.98,3127.85.98,FAC-2024-89988
451,2024-12-10,Colombia,  minería  ,Importación,411815.52,2154.6,292,4.86,29847815,FAC-2024-85221
452,2024-02-10,Colombia,Logística,Exportación,140312.57,581.1,143,14.93,5687.51.84,FAC-2024-36149
453,2022-12-07,Argentina,Retail,Importación,241323.85,25.6,261,1.99,4474.11.12,FAC-2022-90897
454,2023-07-16,Brasil,Logística,Exportación,88701.32,389.5,272,11.59,8892.29.73,FAC-2023-94833
455,2023-05-03,Ecuador,Retail,Importación,177201.73,176.2,78,2.95,6452.35.19,FAC-2023-50499
456,07/05/2024,Perú,Manufactura,Exportación,338948.52,363.5,270,20.5,,FAC-2024-75294
457,2023-10-12,Chile,Educación,Exportación,12750.21,9.7,469,23.96%,2236.24.99,FAC-2023-29726
458,2023-12-23,Perú,Minería,Importación,93224.34,3118.8,56,2.98,0375.21.59,FAC-2023-92283
459,2023-02-16,México,Finanzas,Exportación,415751.94,0.0,395,1.05,9401.61.69,FAC-2023-29065
460,2022-02-28,Ecuador,Minería,Exportación,896876.17,2524.6,154,10.87,4397.43.47,FAC-2022-50290
461,2024-11-17,Argentina,Manufactura,Importación,262788.86,333.0,113,22.73,2078.22.32,FAC-2024-90576
462,2022-05-06,USA,AGROINDUSTRIA,Importación,63278.94,929.1,69,14.41,9156.10.76,FAC-2022-80575
463,2024-08-06,USA,Agroindustria,Exportación,84750.05,861.8,308,5.18,5831.60.37,FAC-2024-59425
464,2024-04-05,Brasil,Educación,Exportación,43188.17,8.1,44,16.41,1572.15.39,FAC-2024-49366
465,2024-01-06,Alemania,Tecnología,Exportación,302240.21,17.9,153,4.32,9491.44.18,FAC-2024-10421
466,2023-04-24,  Colombia  ,,Exportación,83848.89,222.2,405,12.53,4388.94.74,FAC-2023-61208
467,2022-01-11,EC,Agroindustria,Importación,52907.97,274.7,343,18.63,6652.34.42,FAC-2022-46842
468,2023-05-12,España,Minería,Importación,251799.99,2651.0,424,0.91,0798.39.21,FAC-2023-30808
469,2023-08-03,USA,Educación,Importación,13946.21,8.3,119,10.19,5408.36.63,FAC-2023-86556
470,09/18/2023,Alemania,Retail,Exportación,,161.0,485,23.31,6862.41.50,FAC-2023-60818
471,2024-01-16,España,Minería,Exportación,905488.74,2609.4,464,19.88,4802.80.81,
472,2024-05-07,USA,Finanzas,Importación,482513.46,0.0,289,4.91,2538.67.32,FAC-2024-19760
473,2022-05-15,Alemania,Agroindustria,Exportación,105457.54,379.8,9400,13.22,9862.53.39,FAC-2022-87167
474,,  Chile  ,Minería,Exportación,703598.44,3537.9,131,21.93,1542.50.18,FAC-2022-52464
475,2023-09-04,México,Retail,Exportación,155428.04,24.3,337,12.29,6924.23.90,FAC-2023-78082
476,2022-01-23,Alemania,Agroindustria,Importación,35410.44,1547.9,461,16.42,1898.50.88,FAC-2022-13637
477,2023-11-28,Brasil,AGROINDUSTRIA,Importación,"$38,396.60",,53,6.06,1204.21.32,FAC-2023-26666
478,2022-07-21,Perú,Tecnología,Exportación,600378.59,6.6,263,18.98,2907.45.63,
479,2023-08-22,México,Minería,Importación,873149.95,2888.1,500,14.16,0122.42.63,FAC-2023-53850
480,2024-09-19,Alemania,Educación,Exportación,29822.28,3.2,55,19.83,1961.35.49,FAC-2024-20832
481,2024-05-12,Argentina,Tecnología,Importación,538550.3,17.8,251,20.05,9832.97.86,FAC-2024-20730
482,,Perú,Educación,Exportación,15607.02,2.6,88,,9985.42.38,FAC-2023-59061
483,2022-02-16,Ecuador,Educación,Importación,78593.38,2.4,443,11.48,0721.82.32,FAC-2022-61698
484,2024-06-05,México,Retail,Importación,272707.95,102.5,56,3.45,7824.19.22,FAC-2024-94538
485,2024-05-07,Alemania,Tecnología,Importación,94924.24,38.3,67,15.95%,0247.50.26,FAC-2024-84498
486,2023-06-23,Ecuador,Educación,Importación,14795.3,13.0,372,19.78,21498058,FAC-2023-32398
487,2024-12-13,España,Logística,Export,196026.73,416.7,359,2.43,4656.88.93,FAC-2024-53904
488,2023-06-11,Brasil,Manufactura,Importación,280456.01,757.5,206,12.43,6969.39.59,FAC-2023-65291
489,08/27/2024,Ecuador,Retail,Importación,145672.29,60.4,226,23.22,8926.49.61,FAC-2024-95180
490,2023-11-03,México,Minería,Importación,888462.94,1444.3,425,12.8,7314.55.64,FAC-2023-34640
491,2023-07-27,Ecuador,Manufactura,Importación,261596.91,560.5,13,11.14,7832.77.52,FAC-2023-74350
492,03/08/2023,España,Finanzas,Importación,218867.01,0.0,425,2.83,6227.85.30,
493,2023-07-13,México,Retail,Importación,,-146.9,391,17.52%,6514.47.97,FAC-2023-21338
494,,Perú,Finanzas,Importación,117494.23,-0.0,336,15.41,6303.10.78,
495,2023-03-19,Brasil,Logística,Exportación,170562.94,259.6,365,9.23,4275.10.21,FAC-2023-70089
496,2022-05-15,México,Educación,Importación,71280.72,,476,10.31,5852.45.21,FAC-2022-65549
497,2023-02-10,Colombia,Finanzas,Importación,475276.12,0.0,134,18.83,1214.65.13,FAC-2023-52795
498,2024-12-20,México,Retail,Exportación,202119.16,30.9,167,17.44,7250.12.47,FAC-2024-57623
499,2023-08-13,Perú,Finanzas,Export,122126.45,0.0,204,3.25,3714.68.78,FAC-2023-86298
500,2023-12-25,Argentina,Educación,Exportación,81089.28,4.3,449,15.34,3541.54.24,FAC-2023-41081
501,2024-10-15,USA,Agroindustria,Importación,135158.98,1303.2,175,14.08,9971.42.56,FAC-2024-68654
502,2023-11-14,Alemania,Agroindustria,Importación,78058.86,406.5,250,5.8,8844.87.94,FAC-2023-48455
503,2023-12-19,USA,Agroindustria,Importación,,,319,16.0,0242.31.25,FAC-2023-14115
504,2023-12-28,Colombia,Logística,Exportación,175850.6,415.7,,9.69,1501.49.15,FAC-2023-87894
505,2024-01-12,Perú,Tecnología,Importación,613498.55,23.3,411,17.4,0749.59.63,FAC-2024-99803
506,2022-09-14,Colombia,Agroindustria,Importación,-110242.36,600.2,277,14.78,0889.52.57,
507,2024-12-22,Ecuador,Educación,Exportación,40071.36,19.6,,15.24,4676.25.19,FAC-2024-79438
508,2022-06-10,Perú,Minería,Exportación,807615.04,2492.4,122,12.14,8687.61.31,FAC-2022-26728
509,2022-02-15,Ecuador,Minería,Exportación,393419.07,,216,,1278.89.91,FAC-2022-76628
510,2023-10-20,Colombia,Retail,Exportación,69634.67,44.4,179,23.3,3857.13.43,FAC-2023-72967
511,2022-05-25,España,Manufactura,Exportación,-231388.76,695.8,251,23.01,0571.93.63,FAC-2022-42540
512,2022-03-18,Colombia,Finanzas,EXPORTACIÓN,52132.96,0.0,99,3.17,1596.18.70,FAC-2022-57453
513,2024-10-07,Argentina,Tecnología,Exportación,188056.03,25.0,144,12.58,07986572,FAC-2024-89314
514,2023-03-09,México,Finanzas,Importación,102756.01,0.0,460,,1293.40.68,FAC-2023-85992
515,2022-04-07,Alemania,Agroindustria,Exportación,98827.92,420.5,34,9.89,1356.45.46,FAC-2022-40999
516,2023-04-01,USA,Finanzas,Importación,456463.23,0.0,148,13.22,7641.37.12,FAC-2023-85383
517,2024-05-20,Argentina,Manufactura,Importación,407056.61,,403,9.21,0998.64.80,FAC-2024-71710
518,2022-09-25,Brasil,Educación,Importación,78870.85,4.7,173,16.78,2136.24.11,FAC-2022-83351
519,2022-03-27,Perú,Tecnología,Exportación,169853.1,23.0,115,6.62,7648.12.67,FAC-2022-76278
520,,Argentina,Finanzas,Exportación,190605.19,0.0,255,4.72,6228.22.32,FAC-2022-93020
521,2022-01-16,Perú,Minería,Importación,640909.92,1134.0,66,4.05,,FAC-2022-70394
522,2023-10-20,USA,Tecnología,Importación,141199.41,34.3,497,18.24,7056.86.98,FAC-2023-48255
523,2024-12-19,Argentina,Agroindustria,Exportación,88473.47,,135,9.89,7250.76.90,FAC-2024-34884
524,2024-10-27,Chile,Logística,Exportación,67475.99,,388,7.87,3777.99.94,FAC-2024-64649
525,2024-04-17,México,Agroindustria,Exportación,63415.51,1906.1,50,3.43,3040.80.36,
526,2024-01-24,Chile,Educación,Importación,"$84,622.09",10.1,361,17.81,1142.87.28,FAC-2024-46046
527,2024-06-14,Colombia,Finanzas,Exportación,,0.0,473,9.42,2944.97.84,FAC-2024-39980
528,2023-09-16,Alemania,Educación,Importación,33242.19,14.3,129,10.27,6191.58.59,FAC-2023-95461
529,2023-12-18,España,Minería,Importación,976084.79,2828.9,174,18.93%,6181.14.98,FAC-2023-56829
530,2024-01-23,Chile,Manufactura,Exportación,64327.79,,197,,5420.33.70,FAC-2024-79133
531,2023-05-08,Brasil,  retail  ,Importación,154062.87,102.4,447,14.86,8449.62.10,FAC-2023-42685
532,2024-08-03,BR,Educación,Importación,54791.88,15.6,121,11.51,3240.97.92,FAC-2024-35046
533,2022-02-23,USA,Retail,Exportación,162743.52,,25,5.18,8810.18.42,FAC-2022-25591
534,1 de diciembre 2022,Chile,Agroindustria,Exportación,73118.76,767.3,434,21.6,8829.30.67,FAC-2022-14379
535,2022-03-17,México,Tecnología,Importación,246379.71,8.0,253,16.83,8917.28.87,FAC-2022-60361
536,2023-01-07,México,Finanzas,Importación,81930.0,0.0,209,13.51,9518.98.20,fac-2023-55332
537,12/04/2022,México,Finanzas,Importación,197541.63,0.0,307,7.49,0767.66.72,FAC-2022-70423
538,2023-09-18,Brasil,Agroindustria,Importación,74624.19,1814.6,278,7.26,,FAC-2023-79181
539,2022-02-13,Chile,Agroindustria,Exportación,82367.28,1783.6,77,1.47,2114.63.85,FAC-2022-84572
540,2024-04-06,España,Tecnología,Importación,108181.35,29.2,498,3.61,7060.13.85,FAC-2024-83140
541,2023-02-22,Argentina,Educación,Exportación,16990.65,8.5,124,18.9,6087.79.64,FAC-2023-40102
542,2024-10-22, méxico ,Agroindustria,Importación,137153.12,471.3,475,1.71,6189.98.69,FAC-2024-53403
543,2022-07-23,Perú,Retail,Exportación,112001.89,114.6,242,6.29,2541.25.78,FAC-2022-34267
544,2024-05-06,Argentina,Logística,Importación,33824.74,-399.9,330,17.49,8412.22.10,FAC-2024-20215
545,2023-11-05,USA,,Importación,197711.2,89.9,367,5.74,9949.54.85,FAC-2023-85513
546,2022-06-23,Ecuador,Tecnología,Importación,330744.82,22.4,486,13.87,1824.50.67,FAC-2022-57059
547,2024-07-13,Ecuador,Minería,Importación,1001088.08,1725.5,309,3.8,8736.51.11,FAC-2024-78238
548,2023-01-08,Perú,Agroindustria,Importación,71968.7,501.3,81,9.61,5420.46.95,FAC-2023-11520
549,2022-07-01,España,Agroindustria,Importación,98415.77,796.5,29,16.01,8007.86.16,FAC-2022-95664
550,2024-06-18,Brasil,Manufactura,Exportación,302232.31,186.1,295,23.54,9937.36.98,FAC-2024-51555
551,2022-08-13,USA,Minería,Importación,,3047.0,346,2.21,7405.72.47,FAC-2022-84351
552,2024-04-11,USA,Educación,Exportación,66145.55,9.1,75,4.05,22266624,FAC-2024-65598
553,2023-03-05,España,Educación,Exportación,61045.18,7.5,196,7.93,7937.32.74,FAC-2023-90528
554,2024-01-28,Colombia,Minería,Exportación,973582.07,,143,0.31,6899.83.82,FAC-2024-97797
555,2024-07-21,USA,Logística,Exportación,21229.04,282.3,9300,23.57,9352.62.95,FAC-2024-27982
556,2022-07-16,USA,Manufactura,Importación,280319.76,514.9,379,2.0,5922.97.45,
557,2022-12-08,Chile,Logística,Importación,138062.41,457.0,64,14.41,9086.64.23,FAC-2022-33644
558,2024-12-16,Alemania,Educación,Importación,19141.1,11.8,406,23.41,5661.37.16,FAC-2024-13007
559,2022-01-05,Alemania,Logística,Importación,108958.54,-283.0,72,12.09,3170.43.88,FAC-2022-96266
560,2024-10-20,España,Logística,Importación,177034.66,156.6,76,10.67,0561.60.21,FAC-2024-82250
561,2023-11-18,USA,Finanzas,Exportación,55311.5,0.0,437,16.12,4484.92.51,FAC-2023-97274
562,2024-07-12,Colombia,Manufactura,Exportación,175459.08,712.4,400,12.56,2952.73.69,FAC-2024-68911
563,2024-09-07,Brasil,Minería,Importación,790134.53,1581.0,451,10.21,2851.28.70,FAC-2024-95490
564,2024-03-27,Colombia,Logística,Importación,35108.3,357.2,208,9.53,4424.22.49,FAC-2024-66408
565,2024-06-01,Chile,Retail,Exportación,26810.12,45.7,,6.73,73068271,FAC-2024-51232
566,2024-06-13,Alemania,Logística,Importación,72303.17,498.6,421,12.17,8425.51.75,FAC-2024-22577
567,2024-08-25,Alemania,  agroindustria  ,Exportación,92771.38,1766.4,474,8.68,8192.25.65,FAC-2024-64919
568,2024-02-24,Chile,Manufactura,Exportación,341492.39,113.8,47,17.73,9734.53.47,FAC-2024-53340
569,2024-11-15,DE,Agroindustria,Import,148436.53,1466.5,207,4.29,51171181,FAC-2024-27494
570,2022-08-14,US,Minería,Importación,695861.72,3283.0,216,11.37,7140.23.10,FAC-2022-34886
571,2024-11-22,México,Educación,Importación,67557.2,15.2,303,6.1,6350.62.26,FAC-2024-33567
572,2023-01-05,Argentina,Logística,Importación,196553.68,48.1,415,22.33,1809.83.56,FAC-2023-81264
573,2024-01-16,  USA  ,Agroindustria,Exportación,137289.37,588.6,60,7.13,9912.29.49,FAC-2024-98946
574,2022-12-22,Brasil,Retail,Exportación,35349.94,164.6,408,24.52,24181868,fac-2022-36422
575,2023-05-14,Argentina,Finanzas,Importación,416118.77,-0.0,,5.09,6016.56.59,FAC-2023-95503
576,2024-03-01,Brasil,Tecnología,Importación,562357.49,15.6,15,10.44,0711.50.24,FAC-2024-33998
577,2024-05-08,Alemania,Finanzas,Importación,177038.07,0.0,221,6.74,4248.94.16,FAC-2024-32313
578,2024-01-20,Alemania,Minería,Importación,892568.58,1127.3,403,5.77,1589.40.66,FAC-2024-63729
579,2023-05-26,Alemania,Retail,Importación,36623.64,26.2,406,19.05,2663.60.93,FAC-2023-83553
580,2024-03-15,Argentina,Tecnología,Exportación,147906.04,10.5,365,,4845.24.30,FAC-2024-70643
581,2022-09-14,Brasil,Minería,Importación,926006.01,1115.2,83,15.95,8602.69.46,FAC-2022-30706
582,2024-03-27,Ecuador,Tecnología,Importación,85731.97,30.3,360,24.13,1574.10.93,FAC-2024-24519
583,2022-02-07,Colombia,Manufactura,Exportación,326599.9,342.5,111,17.79,8552.43.28,FAC-2022-79838
584,2022-06-11,Alemania,Tecnología,Exportación,524207.5,3.0,345,19.4,9307.84.71,FAC-2022-92447
585,,España,,Importación,500063.66,1047.0,177,16.34,7446.83.29,FAC-2023-29435
586,2023-10-28,BRASIL,Agroindustria,Exportación,51422.29,101.4,204,22.07,4780.40.51,FAC-2023-96283
587,05/17/2024,  Ecuador  ,Manufactura,Exportación,199233.17,,449,3.68,1049.70.56,FAC-2024-82096
588,2022-09-18,USA,Tecnología,IMPORTACIÓN,629804.38,11.8,165,24.67,0848.43.90,fac-2022-26228
589,2022-05-10,Argentina,MANUFACTURA,Exportación,197946.97,558.6,248,8.66,8452.11.30,FAC-2022-85324
590,2022-05-23,Colombia,Finanzas,Importación,284052.97,0.0,134,4.85,9817.74.21,FAC-2022-16164
591,2022-05-06,Colombia,Minería,Importación,614512.5,1912.2,,5.4,5225.67.15,
592,2022-05-13,USA,Manufactura,Importación,35216233.0,779.0,240,12.93,7182.85.33,FAC-2022-26912
593,2023-11-10,Ecuador,Retail,Importación,273963.72,36.3,104,9.26,8201.90.19,FAC-2023-53634
594,2022-03-04,Brasil,Retail,Exportación,172849.2,42.4,460,18.94,7869.62.42,FAC-2022-66093
595,19 de agosto 2023,Alemania,Manufactura,Importación,198416.05,665.6,331,7.83,9703.69.11,FAC-2023-97678
596,2023-08-06,Brasil,Educación,Exportación,31287.88,11.7,306,23.2,50413228,FAC-2023-37614
597,2024-12-06,Perú,Logística,Exportación,136446.45,383.4,83,21.26,2955.67.91,FAC-2024-48360
598,2022-04-21,Alemania,Agroindustria,Importación,139081.98,1239.5,466,21.15,6520.66.13,FAC-2022-80462
599,2022-02-05,Brasil,Agroindustria,Importación,24350.87,1293.1,298,11.22,7383.91.89,FAC-2022-92210
600,2023-06-20,  Chile  ,Finanzas,Importación,260764.62,0.0,110,10.94,2695.30.65,FAC-2023-35204
601,26 de julio 2023,Perú,Agroindustria,Importación,111853.68,1934.6,-411,11.46,3499.30.36,FAC-2023-81732
602,2024-03-18,México,Educación,Importación,12172.86,13.4,274,17.22,3112.27.63,FAC-2024-81073
603,2023-08-04,Chile,Agroindustria,Importación,74683.69,508.1,356,14.71,5134.84.73,FAC-2023-67682
604,2023-07-22,México,Minería,Importación,940616.69,635.7,415,7.08,5639.27.35,FAC-2023-60998
605,2024-05-17,Chile,Manufactura,Exportación,211406.01,184.9,392,21.6,5444.74.44,FAC-2024-47072
606,2023-11-10,España,Retail,Exportación,-142206.08,80.1,340,21.38,6550.69.84,FAC-2023-15376
607,2022-10-12,España,Finanzas,Exportación,323867.87,0.0,292,4.43,8971.81.38,FAC-2022-59464
608,2023-11-04,Perú,Educación,Exportación,26375.99,15.8,,19.11,1911.94.31,FAC-2023-92467
609,2023-12-02,USA,Agroindustria,Exportación,90667.51,1402.4,464,1.66,0444.58.90,FAC-2023-31753
610,2023-04-24,Alemania,Minería,Importación,907400.5,899.2,139,4.53,0797.80.69,FAC-2023-19587
611,2023-07-04,Perú,Retail,Exportación,185359.7,135.7,148,17.52,1466.89.25,FAC-2023-23928
612,2023-06-06,Argentina,Agroindustria,Importación,99346.32,1156.0,107,18.0,9831.98.70,FAC-2023-74332
613,2023-01-10,España,Logística,Exportación,135432.34,331.9,201,21.6,6109.12.67,FAC-2023-42258
614,2023-08-20,Argentina,Manufactura,Exportación,308259.27,504.7,321,14.7,4370.59.70,FAC-2023-11647
615,2024-05-08,España,Educación,Importación,9542.67,10.3,445,17.26,6228.97.27,FAC-2024-63067
616,01/19/2022,USA,MANUFACTURA,Exportación,339087.36,517.7,222,10.06,6979.29.45,FAC-2022-20357
617,2024-06-12,Perú,Minería,Importación,437613.84,796.6,450,7.25,4843.62.37,FAC-2024-42598
618,06/04/2023,Perú,Educación,Importación,41668.46,7.8,366,18.47,7403.95.45,FAC-2023-30572
619,2023-01-10,México,Tecnología,Exportación,271579.92,2.8,450,17.08,8845.19.88,FAC-2023-51054
620,2024-04-14,España,Logística,Exportación,21340.19,120.9,405,3.49,1471.24.97,FAC-2024-19102
621,2022-10-11,Perú,Minería,Importación,989220.28,3032.3,173,22.13,9186.91.52,FAC-2022-44761
622,2024-02-27,Chile,Educación,Exportación,62340.69,16.6,340,2.26,7597.91.10,FAC-2024-96623
623,2022-07-09,México,Retail,Exportación,174434.53,164.1,477,18.03,1714.80.54,FAC-2022-58869
624,2022-11-25,Ecuador,Retail,Exportación,249884.97,51.5,205,4.6,6788.72.10,FAC-2022-11435
625,22 de octubre 2024,USA,Finanzas,Exportación,69136.62,0.0,399,6.96,,fac-2024-80702
626,2022-12-15,Perú,  tecnología  ,Importación,608478.86,28.7,376,1.18,7748.68.70,FAC-2022-58924
627,2022-05-01,España,Tecnología,Exportación,538927.56,9.7,157,6.98,0261.77.18,FAC-2022-55592
628,2023-05-04,Ecuador,Finanzas,Exportación,304853.91,0.0,30100,19.03,0384.25.77,FAC-2023-64322
629,2023-10-16,Alemania,Retail,Importación,84420.61,26.3,211,8.13,4242.35.23,FAC-2023-32742
630,2024-08-19,Perú,Retail,Importación,215505.77,126.4,335,22.99,6947.38.28,FAC-2024-32852
631,02/04/2022,  USA  ,Retail,Exportación,108285.77,165.0,150,15.1,,FAC-2022-49252
632,2024-04-16,Chile,,Importación,151050.78,,118,0.18,9835.72.70,FAC-2024-89216
633,2022-12-22,Perú,Minería,Exportación,674825.86,3865.7,461,22.59,4718.75.55,FAC-2022-65407
634,2022-07-13,Chile,  retail  ,Importación,32170.84,75.2,280,23.31,8096.37.14,FAC-2022-35224
635,2022-07-26,México,Logística,Exportación,192207.02,420.0,15,21.79,5188.37.59,FAC-2022-88275
636,2024-01-21,Brasil,Logística,Importación,37719.98,-204.5,33,7.27,7768.53.65,FAC-2024-27536
637,2023-07-04,Perú,Finanzas,Import,375430.41,0.0,383,24.48,9354.10.89,FAC-2023-61348
638,2024-02-22,Colombia,Logística,Exportación,83056.41,106.4,154,24.35,4786.17.56,FAC-2024-39479
639,2024-12-27,Chile,Educación,Importación,75076.18,17.3,93,23.38,5554.17.51,FAC-2024-86489
640,2024-02-07,Alemania,Educación,Exportación,52164.98,5.6,425,24.3,4751.16.80,FAC-2024-14935
641,2022-01-16,Colombia,Agroindustria,Importación,,,,21.8,0670.58.86,FAC-2022-32248
642,2024-12-27,España,Agroindustria,Importación,139301.35,1547.2,296,5.22,3902.37.34,FAC-2024-25376
643,2022-11-24,  USA  ,Agroindustria,Exportación,112569.71,1340.3,364,16.77,6084.58.45,FAC-2022-68342
644,2024-02-02,USA,Agroindustria,Importación,37193.35,939.5,377,2.27,0859.26.75,fac-2024-83912
645,17 de noviembre 2024,Colombia,Finanzas,Exportación,"$341,623.09",,208,16.57,4714.12.47,FAC-2024-95119
646,2022-10-04,Alemania,Tecnología,Importación,665943.75,13.5,300,2.43,8325.64.57,FAC-2022-64720
647,2024-05-22,USA,Minería,Exportación,261570.81,2038.3,305,17.64,8516.39.67,FAC-2024-31206
648,2024-06-15,México,Educación,Exportación,-77992.57,15.3,15,10.59,5971.43.83,FAC-2024-39794
649,2024-08-27,México,Retail,Exportación,43722.58,74.7,94,0.57,7268.96.66,FAC-2024-10453
650,2022-02-13,Ecuador,Tecnología,Importación,194084.5,37.6,321,13.35,6049.44.91,FAC-2022-38785
651,2023-08-15,Colombia,Manufactura,Exportación,-304739.88,342.8,383,23.14,2772.56.16,FAC-2023-14528
652,04/20/2024,México,Finanzas,Importación,222953.06,0.0,162,2.34,29491098,FAC-2024-12787
653,2024-12-20,Chile,Retail,Importación,,137.1,125,14.67,6523.18.77,FAC-2024-86898
654,2023-12-09,Ecuador,Agroindustria,Exportación,,1616.4,122,1.94,0740.72.92,FAC-2023-22302
655,2022-12-15,Alemania,Finanzas,Exportación,,0.0,262,8.22,3783.48.43,FAC-2022-42639
656,2024-10-27,Colombia,Tecnología,Importación,311836.28,33.7,20,23.08,8130.21.69,fac-2024-32119
657,2022-09-23,,Agroindustria,Importación,23154.91,692.5,365,11.46,8060.86.30,FAC-2022-93406
658,2024-11-12,USA,FINANZAS,Importación,512616.56,0.0,31,,9230.52.20,FAC-2024-47712
659,,Colombia,Retail,Exportación,199807.36,38.6,343,4.36,1842.82.60,FAC-2024-87879
660,2022-07-09,Colombia,Retail,Exportación,108624.07,39.4,175,19.34,8539.72.83,FAC-2022-19552
661,2024-09-25,Alemania,Retail,Importación,153227.46,163.8,19,0.79,1650.67.50,FAC-2024-68006
662,2022-06-24,España,Agroindustria,Exportación,23971.89,-1289.8,54,18.01%,7399.96.53,
663,2024-12-09,Colombia,Logística,Importación,144205.07,374.8,88,19.69,7832.19.44,FAC-2024-24416
664,2023-10-16,Chile,Retail,IMPORTACIÓN,191706.42,113.3,44,14.07,9181.99.44,FAC-2023-51293
665,2022-08-06,Brasil,Manufactura,Importación,113161.29,655.0,471,11.02,1482.31.20,FAC-2022-59509
666,2024-07-06,  Brasil  ,Agroindustria,Importación,104388.14,567.6,201,8.81,8588.37.40,FAC-2024-29762
667,2024-01-12,Argentina,Logística,Importación,106242.98,363.2,124,,2177.21.63,FAC-2024-99887
668,2024-08-09,Chile,Logística,Exportación,74876.96,348.4,347,21.4,,FAC-2024-38329
669,2022-03-20,Ecuador,Educación,Exportación,41595.91,8.8,450,16.25,4441.43.30,FAC-2022-99712
670,2023-03-14,Argentina,Tecnología,Exportación,356690.53,5.4,102,23.45,1851.62.51,FAC-2023-33445
671,2023-04-15,Perú,Minería,Importación,402107.15,2706.2,237,21.44,5046.34.95,FAC-2023-96809
672,2023-11-24,Chile,Tecnología,Exportación,493739.62,,14,0.3,1488.67.54,FAC-2023-47132
673,2023-01-02,Chile,  retail  ,Importación,116498.46,125.4,,3.85,4296.37.22,FAC-2023-38652
674,2023-10-04,Alemania,Retail,Importación,150526.73,169.3,261,10.34,8110.36.97,FAC-2023-51102
675,2024-01-16,México,Logística,Exportación,68517.77,222.4,398,16.49,0517.89.11,FAC-2024-12518
676,2023-07-03,Perú,Educación,Importación,43926.61,10.2,234,11.31%,0691.24.12,FAC-2023-94930
677,2023-08-04,México,Finanzas,Importación,448723.28,0.0,229,1.74,,FAC-2023-98363
678,2024-09-28,Brasil,Retail,Exportación,169075.75,58.7,363,21.44,9259.32.15,FAC-2024-44834
679,01/20/2024,Argentina,Retail,Import,236612.39,35.1,147,,0214.79.53,FAC-2024-21136
680,2023-07-11,Brasil,Finanzas,Exportación,256249.51,0.0,380,18.03,0685.59.98,FAC-2023-73837
681,2024-01-26,USA,Agroindustria,Importación,55756.99,204.3,80,20.39,3644.62.19,FAC-2024-57682
682,2024-11-04,CO,Finanzas,Exportación,408655.28,0.0,267,3.01,2403.45.36,FAC-2024-85963
683,2024-04-24,Brasil,Minería,Exportación,480270.56,2614.3,276,19.33,0454.18.81,FAC-2024-29079
684,2023-12-12,USA,Logística,Importación,79748.05,44.9,25,,6168.55.84,FAC-2023-30922
685,2022-12-11,Alemania,Manufactura,Importación,262861.94,187.0,107,4.6,4036.67.46,FAC-2022-10011
686,2023-01-05,Perú,Retail,Exportación,155233.86,74.2,164,0.56,3393.93.20,FAC-2023-66811
687,2023-12-16,Argentina,Tecnología,IMPORTACIÓN,,29.2,441,14.88,9910.57.48,FAC-2023-41220
688,2023-04-21,México,Manufactura,Importación,74296.2,784.3,244,1.05,89716388,FAC-2023-19690
689,2022-04-28,España,Agroindustria,Exportación,108132.08,316.6,,8.88,3871.76.57,FAC-2022-16000
690,2022-07-19,Argentina,Tecnología,Importación,663128.1,25.1,75,19.64,3670.44.75,FAC-2022-68857
691,04/01/2023,Alemania,Logística,Importación,205361.19,309.6,271,22.71,1992.64.57,FAC-2023-11597
692,2024-05-23,Ecuador,Logística,Importación,189391.49,461.0,173,1.24,0636.63.25,FAC-2024-32431
693,2022-01-08,Perú,Minería,Importación,698921.03,3786.6,417,10.29%,7458.44.50,FAC-2022-94631
694,12/14/2022,España,Agroindustria,Exportación,59754.45,1355.7,318,4.17,5806.55.88,FAC-2022-45986
695,2023-07-04,USA,Finanzas,Importación,208355.62,0.0,146,21.34,7886.23.16,FAC-2023-67386
696,2023-03-20,Alemania,Logística,Exportación,195832.92,506.3,161,13.39,7515.98.26,FAC-2023-40112
697,2022-07-27,Brasil,Retail,Exportación,171951.01,102.2,359,1.15,5903.25.30,FAC-2022-10088
698,2024-08-22,México,Logística,Exportación,35364.82,527.0,402,1.62,9296.58.93,FAC-2024-83649
699,2024-09-13,Perú,  finanzas  ,IMPORTACIÓN,448812.03,0.0,356,,1138.34.57,FAC-2024-22181
700,2022-01-12,Perú,Educación,Exportación,37835.15,7.3,33,24.31,,FAC-2022-94843
701,2022-02-17,Perú,Logística,Exportación,89301.0,267.1,458,0.62,4743.62.93,FAC-2022-48543
702,2024-07-09, brasil ,Agroindustria,Exportación,101680.91,964.6,415,,8819.69.97,FAC-2024-47982
703,2023-06-22,México,Manufactura,Exportación,343112.21,643.6,17,0.85,2151.51.11,FAC-2023-73418
704,12/21/2024,España,Tecnología,Exportación,537717.45,34.1,450,1.61,5335.46.92,FAC-2024-88804
705,2024-05-20,Colombia,Finanzas,Exportación,360331.66,0.0,159,12.26,7746.79.71,FAC-2024-38695
706,2024-03-05,España,Manufactura,Importación,106754.11,374.6,293,1.52,3433.12.96,FAC-2024-56312
707,2024-10-21,Argentina,Tecnología,Importación,215338.38,29.2,381,10.77,3311.69.15,FAC-2024-48223
708,2023-02-10,Argentina,Logística,Exportación,186176.92,109.0,170,17.13,4655.69.63,
709,2023-12-01,Argentina,  tecnología  ,Importación,623075.22,39.5,330,23.55,5459.67.66,FAC-2023-70754
710,2024-12-22,México,Tecnología,Importación,395606.66,25.6,191,9.92,5259.82.41,FAC-2024-39603
711,2024-09-11,Chile,Tecnología,Exportación,424109.79,33.6,436,16.81,0583.27.71,FAC-2024-70374
712,2024-05-15,Brasil,Tecnología,Exportación,211811.65,23.8,,20.75,0273.97.16,FAC-2024-75107
713,2024-05-25,España,Minería,Exportación,229342.66,3863.9,88,4.03,0382.23.87,FAC-2024-30180
714,2023-06-13,Perú,Retail,Importación,193005.1,-181.5,333,19.98,3854.61.97,FAC-2023-49888
715,2022-07-16,Colombia,Educación,Importación,32758.18,5.8,34,17.26%,3361.90.22,FAC-2022-53864
716,2023-01-12,USA,Logística,Importación,118011.63,198.1,371,3.0,6434.21.27,FAC-2023-97649
717,2022-08-25,Argentina,Minería,Exportación,283000.17,782.6,14,3.36,1428.36.11,FAC-2022-38765
718,2023-07-13,Argentina,Educación,Importación,-87035.2,2.3,284,19.6,8855.36.15,fac-2023-84261
719,2024-03-16,Perú,Manufactura,Exportación,254440.41,460.9,250,21.36,5134.73.85,FAC-2024-90863
720,2023-09-18,USA,Retail,Importación,142303.26,152.6,478,23.14,3527.64.73,FAC-2023-30955
721,2023-03-25,Alemania,Tecnología,Importación,304023.58,19.0,482,11.33,1831.57.85,FAC-2023-44825
722,2023-04-26,USA,Tecnología,EXPORTACIÓN,338461.5,34.7,238,10.74,,FAC-2023-36078
723,2024-03-19,Argentina,Retail,Importación,152530.59,142.5,483,18.11,1690.76.72,FAC-2024-69208
724,24 de diciembre 2022,Ecuador,Minería,Exportación,473366.59,2587.7,20,,5142.30.87,FAC-2022-21867
725,2022-05-15,Alemania,Agroindustria,Exportación,105457.54,379.8,9400,13.22,9862.53.39,FAC-2022-87167
726,2022-12-19,Perú,Manufactura,Exportación,151877.54,541.8,163,13.92,9523.90.96,fac-2022-74962
727,2023-12-12,Alemania,Logística,Importación,6048716.0,562.7,34,7.42,53219527,FAC-2023-42592
728,2023-06-22,USA,Manufactura,Exportación,315014.07,537.7,325,,4828.66.66,FAC-2023-57537
729,2022-08-07,USA,Minería,Exportación,758185.86,958.0,441,14.13,4961.89.35,fac-2022-52561
730,2022-11-18,ES,Agroindustria,Exportación,129901.52,447.8,181,5.56,4054.52.57,FAC-2022-48541
731,2024-11-18,Chile,Manufactura,Importación,253567.2,433.0,35,13.93,,FAC-2024-40149
732,2022-06-26,Perú,Finanzas,Exportación,296097.43,0.0,389,,1963.93.12,fac-2022-91051
733,2022-09-09,USA,Finanzas,Exportación,484662.18,0.0,128,15.52,9523.46.80,FAC-2022-65478
734,2022-11-21,USA,Finanzas,Importación,303122.02,0.0,341,1.8,0459.52.14,FAC-2022-17113
735,2023-03-07,Colombia,Minería,Exportación,903594.59,3267.1,284,23.06%,3881.89.56,fac-2023-19116
736,2023-02-02,Perú,Educación,Exportación,39715.37,11.1,231,1.25,1529.24.16,FAC-2023-85396
737,2024-12-04,Perú,Manufactura,Importación,302018.17,254.4,57,21.4,5049.22.22,FAC-2024-46133
738,2022-10-19,Chile,Minería,Importación,838362.91,3496.4,459,9.58,7861.14.32,FAC-2022-28855
739,2024-06-06,Perú,Retail,Exportación,47648.79,63.4,195,16.45,2356.74.68,FAC-2024-99165
740,2022-03-01,España,  educación  ,Exportación,76906.17,-14.0,378,6.3,0492.86.72,FAC-2022-27479
741,2024-11-05,,Educación,Importación,86196.09,14.0,192,2.19,4043.22.14,FAC-2024-20793
742,2023-09-16,Perú,Retail,Importación,184995.93,85.2,438,16.09,9773.15.75,FAC-2023-27284
743,2024-01-25,España,Tecnología,Importación,381524.07,24.7,208,5.13,3988.31.99,FAC-2024-90991
744,2022-08-20,COLOMBIA,Finanzas,Importación,138328.91,0.0,345,22.32,1455.38.32,FAC-2022-77889
745,2024-09-02,Colombia,Minería,Exportación,472074.03,3102.4,25,4.35,7293.39.76,FAC-2024-52700
746,2024-01-10,CO,Finanzas,Importación,75699.66,0.0,325,20.11,9587.61.51,FAC-2024-99664
747,2023-09-28,Chile,Educación,Exportación,81029.34,19.0,325,15.44,9075.60.99,FAC-2023-67717
748,2023-10-02,Chile,Educación,Exportación,17046.53,6.0,389,6.9,5121.29.82,FAC-2023-36610
749,2024-06-01,USA,Logística,Exportación,116384.59,151.0,336,14.66,9630.94.73,FAC-2024-70011
750,,Brasil,Logística,Importación,142553.63,507.4,451,3.35,6772.24.85,FAC-2022-74794
751,2023-12-19,Chile,Manufactura,Importación,202997.01,70.3,245,22.23,3355.53.96,FAC-2023-13084
752,2022-12-02,DE,Agroindustria,Importación,50642.54,-1809.1,132,14.65,9765.59.24,FAC-2022-51724
753,02/08/2022,Brasil,Retail,Importación,223392.43,,423,22.72%,7581.68.90,FAC-2022-97154
754,2022-01-10,Brasil,Manufactura,Exportación,173398.75,546.9,296,10.16,2031.30.32,FAC-2022-13248
755,2023-12-18,Argentina,Retail,Exportación,30072.35,147.9,213,,5292.75.90,FAC-2023-66175
756,2023-12-22,Colombia,Finanzas,Importación,-203124.92,0.0,495,18.36,7317.37.16,FAC-2023-47087
757,2022-05-06,USA,AGROINDUSTRIA,Importación,63278.94,929.1,69,14.41,9156.10.76,FAC-2022-80575
758,2024-02-10,México,Agroindustria,Importación,-121669.11,1344.2,482,22.38,5062.35.79,FAC-2024-96078
759,2024-02-12,Argentina,Retail,Exportación,94053.58,196.1,497,23.14,9440.85.72,FAC-2024-55731
760,2022-04-28,Perú,Minería,Exportación,970971.05,3245.5,123,9.54,5781.10.18,FAC-2022-19173
761,05/10/2022,Perú,Agroindustria,Importación,51710.15,1940.4,197,17.0,6075.16.50,FAC-2022-26136
762,2022-08-01,Colombia,Educación,Importación,45088.82,17.5,22,24.75,6850.64.55,FAC-2022-82999
763,2022-05-27,USA,Agroindustria,Exportación,129309.49,243.1,125,18.11,,FAC-2022-80329
764,2022-12-28,Ecuador,Finanzas,Importación,266506.05,0.0,314,8.27,8761.10.81,FAC-2022-20339
765,2022-01-16,España,Tecnología,Importación,138095.78,7.6,46,9.63,0866.46.94,FAC-2022-84830
766,2024-08-09,Brasil,Logística,Exportación,,469.5,144,11.05,7202.24.19,FAC-2024-29536
767,2024-12-07,Argentina,Finanzas,Exportación,227642.35,0.0,477,12.91,2716.72.87,FAC-2024-51534
768,2023-11-27,Perú,Manufactura,Exportación,104878.97,,401,24.86%,9647.84.71,FAC-2023-43804
769,2024-06-05,ESPAÑA,Tecnología,Exportación,412437.39,4.5,140,11.37,7536.75.82,fac-2024-44825
770,2024-06-24,Colombia,Agroindustria,Exportación,43744.8,1785.7,390,1.03,8425.34.67,FAC-2024-19814
771,2022-06-22,Brasil,Agroindustria,Exportación,,1754.0,437,3.47,6836.99.41,FAC-2022-91048
772,2023-02-28,Brasil,Agroindustria,Exportación,104779.74,202.8,173,3.74,2920.16.96,FAC-2023-61495
773,2023-09-17,España,Manufactura,Importación,206439.07,469.7,122,6.87,2259.82.73,FAC-2023-24838
774,11/10/2022,Brasil,Manufactura,Exportación,"$150,244.29",722.3,355,10.86,4765.31.64,FAC-2022-28051
775,2022-05-21,Brasil,Manufactura,EXPORTACIÓN,76058.3,503.3,412,19.27,6806.34.21,FAC-2022-87000
776,2024-04-12,Alemania,LOGÍSTICA,Exportación,57877.24,,353,2.76,6420.21.75,FAC-2024-23276
777,2024-02-11,Perú,Manufactura,Exportación,289788.95,782.6,461,17.77,1725.34.78,FAC-2024-59054
778,2023-02-04,Ecuador,Retail,Exportación,116817.55,179.0,400,4.31,9616.38.26,FAC-2023-28659
779,2022-06-06,Brasil,Tecnología,Importación,685946.57,39.4,,23.56,5621.16.22,FAC-2022-34901
780,2022-10-23,Chile,Finanzas,Exportación,246394.84,0.0,41,21.45,2584.88.12,FAC-2022-98079
781,2022-11-12,México,Manufactura,Exportación,95984.68,,292,14.25,9108.41.88,
782,6 de junio 2024,México,Retail,Exportación,210493.82,116.4,490,9.36,0226.66.56,FAC-2024-10735
783,2024-12-26,México,Manufactura,Importación,246605.07,539.2,305,10.2,1429.91.92,FAC-2024-34684
784,2024-10-26,USA,Manufactura,Importación,199258.64,269.6,61,16.4,3855.21.38,FAC-2024-83530
785,2023-05-15,Perú,Agroindustria,Exportación,100662.61,1725.2,259,21.78,8972.97.87,FAC-2023-85233
786,2023-09-13,Ecuador,Finanzas,Exportación,136729.65,0.0,179,19.98,5296.66.59,FAC-2023-34486
787,2023-11-20,US,Educación,Importación,38530.45,19.0,476,20.11,1209.30.28,FAC-2023-78430
788,2022-10-23,Chile,Retail,Exportación,249159.08,49.1,187,17.65,0113.33.74,FAC-2022-91542
789,2022-01-21,Ecuador,Manufactura,Exportación,417304.22,330.3,237,2.69,3626.87.68,FAC-2022-86871
790,2022-06-10,Colombia,Agroindustria,Importación,155661.56,114.9,163,2.59,3415.23.80,FAC-2022-46930
791,2023-07-06,Brasil,Logística,Importación,111414.68,276.7,91,16.64,1409.51.71,FAC-2023-28543
792,2022-01-14,Colombia,Minería,Exportación,677400.16,3081.9,209,24.02,,FAC-2022-34225
793,2023-01-25,Colombia,Manufactura,Importación,280081.75,711.0,98,4.72,2483.11.21,FAC-2023-32220
794,2023-12-24,México,Educación,Importación,26401.36,12.9,368,19.78,9501.48.79,FAC-2023-15432
795,2023-01-24,Ecuador,,Export,988796.35,2249.1,212,2.41,0642.32.44,FAC-2023-79397
796,2022-02-02,Alemania,Agroindustria,Importación,95887.76,157.5,289,23.92,8852.48.68,FAC-2022-17852
797,2024-04-08,Perú,Finanzas,Exportación,258921.22,0.0,57,13.88,3443.74.28,FAC-2024-50507
798,2024-06-11,CL,Minería,Importación,809639.67,1987.7,58,12.92,9799.53.40,FAC-2024-89150
799,2024-05-07,Argentina,Logística,Importación,171221.88,128.8,458,6.18,8244.33.92,FAC-2024-59151
800,2024-12-04,Argentina,Tecnología,Importación,160516.54,,240,,3791.46.99,FAC-2024-19329
801,2023-08-03,,Educación,Exportación,57790.83,4.9,38,0.92,8674.87.48,fac-2023-21495
802,8 de marzo 2023,Colombia,Logística,Exportación,26960.01,291.3,419,18.53,9903.21.68,FAC-2023-31418
803,2024-02-11,USA,Minería,Exportación,196220.14,2945.1,39,19.53,32905898,FAC-2024-24862
804,2024-01-12,Perú,Tecnología,Importación,613498.55,23.3,411,17.4,0749.59.63,FAC-2024-99803
805,2024-08-08,Chile,Finanzas,Importación,523705.22,0.0,299,12.97,4906.87.23,FAC-2024-94237
806,2024-09-10,Alemania,Agroindustria,Exportación,136302.15,1561.0,120,22.2,5952.63.22,FAC-2024-50963
807,2022-10-17,Ecuador,Retail,Exportación,,-10.8,-162,24.47,5219.88.18,FAC-2022-49971
808,2024-03-21,Alemania,Retail,Importación,71596.39,18.4,309,23.99,4075.79.28,FAC-2024-50458
809,2023-05-06,Colombia,Agroindustria,Exportación,64334.87,658.9,334,17.09,3551.38.34,FAC-2023-85051
810,2022-03-01,Ecuador,Logística,Exportación,90361.76,492.2,340,23.95,9595.10.98,FAC-2022-35624
811,2024-12-21,Brasil,Logística,Importación,186554.08,234.5,292,16.14,3618.78.35,FAC-2024-92132
812,2024-10-15,España,Logística,Exportación,203523.49,486.7,13800,12.01,1492.76.25,FAC-2024-31012
813,2024-03-03,Argentina,Tecnología,Exportación,348909.4,10.1,104,2.31,4497.48.31,FAC-2024-64932
814,5 de octubre 2024,Brasil,Tecnología,Exportación,503830.91,10.6,,14.03,7750.54.90,FAC-2024-37703
815,2024-02-21,Alemania,Finanzas,Importación,171478.06,0.0,39,13.41,4707.30.30,FAC-2024-89888
816,2022-12-02,Brasil,Manufactura,Importación,146471.07,651.3,,5.23,2770.76.43,FAC-2022-91663
817,2023-11-16,Argentina,Logística,Exportación,46929.66,240.1,214,19.09,4674.22.27,FAC-2023-36757
818,2024-02-07,Brasil,Tecnología,Exportación,244725.77,38.9,468,20.89,1927.48.70,FAC-2024-78852
819,2024-11-19,Colombia,,Exportación,105338.44,227.1,58,0.65,8816.60.57,FAC-2024-23902
820,2022-03-24,USA,MANUFACTURA,Importación,,346.6,245,8.16,6775.25.66,FAC-2022-66807
821,2023-05-07,Brasil,Agroindustria,Importación,44043.24,-1945.1,180,3.15,0998.80.36,FAC-2023-40539
822,02/04/2023,Chile,Logística,IMPORTACIÓN,94226.4,77.5,89,23.29,3032.46.66,FAC-2023-27206
823,2024-08-02,España,Manufactura,Importación,297344.56,429.5,170,17.06,3488.15.89,FAC-2024-17478
824,2022-10-22,Perú,Finanzas,Importación,504741.76,0.0,401,14.15,1590.33.42,FAC-2022-96570
825,2023-03-26,USA,Logística,Importación,163008.0,494.6,228,13.7,9661.67.43,FAC-2023-93579
826,2022-07-25,Argentina,Finanzas,Exportación,100479.94,0.0,190,,3012.85.11,FAC-2022-80283
827,2022-03-24,Argentina,Tecnología,Importación,124540.35,24.3,283,1.87,1443.88.46,FAC-2022-54490
828,2023-11-02,España,Minería,Importación,675431.81,1144.9,323,6.64,2009.66.11,FAC-2023-54304
829,2022-11-07,México,Logística,Exportación,178960.73,544.9,168,0.83,1712.47.51,FAC-2022-33021
830,2023-02-15,Brasil,Educación,Importación,51723.66,3.3,206,20.52,9905.35.49,FAC-2023-87417
831,2023-06-10,  Colombia  ,Retail,Exportación,131969.78,68.0,103,12.22,4509.15.63,FAC-2023-50593
832,2023-04-23,España,Agroindustria,Exportación,123577.67,276.5,367,11.39,9199.69.70,FAC-2023-39333
833,2024-09-01,Brasil,Manufactura,Importación,341380.49,169.9,476,3.11,6393.10.97,FAC-2024-22381
834,2024-02-20,México,Minería,Exportación,676094.41,1857.3,48,0.43,0637.30.88,FAC-2024-38437
835,2022-11-11,Ecuador,Agroindustria,Exportación,86525.64,719.7,293,10.51,8796.32.88,FAC-2022-63225
836,,Alemania,Minería,Import,533300.97,,283,0.98,0961.22.63,FAC-2024-46002
837,2024-03-04,Brasil,Minería,Importación,373884.9,1366.7,491,21.67,5166.34.28,FAC-2024-39079
838,2024-01-03,Perú,Logística,Exportación,23754.49,567.8,138,22.26,5256.66.28,fac-2024-22516
839,2022-03-28,Perú,Tecnología,Exportación,504844.93,4.3,453,7.33,2154.32.32,FAC-2022-29841
840,2024-01-26,Perú,Educación,Exportación,85229.95,14.2,172,22.43,1423.32.28,FAC-2024-60831
841,28 de diciembre 2024,Colombia,Minería,Importación,263690.57,1729.3,243,4.51,2383.28.71,FAC-2024-19831
842,2024-06-15,Chile,Minería,Importación,90506.82,1163.8,91,1.78,6413.27.94,FAC-2024-50302
843,2024-04-09,Ecuador,Logística,Importación,148982.35,105.4,,6.31,4092.92.45,FAC-2024-59345
844,2023-05-03,USA,Retail,Exportación,183603.67,192.2,466,13.39,3953.43.15,
845,2022-06-23,Brasil,Educación,Importación,17729.72,16.9,484,22.57,9834.76.50,FAC-2022-31624
846,2023-04-22,México,Minería,Exportación,423675.43,686.6,440,12.23,3104.47.44,FAC-2023-63609
847,2023-07-08,Chile,Agroindustria,Exportación,93076.67,388.2,172,4.3,,FAC-2023-31023
848,2022-06-09,Ecuador,Tecnología,Exportación,679350.26,31.3,-67,20.12,2726.82.48,FAC-2022-98369
849,2024-05-05,Ecuador,Finanzas,Importación,523136.41,0.0,186,14.68,6748.58.72,FAC-2024-78843
850,2024-10-06,Chile,Logística,Exportación,89769.57,113.5,,10.19,7402.92.12,FAC-2024-66160
851,2023-06-21,Chile,MANUFACTURA,Exportación,234814.19,129.5,370,24.91,6326.25.27,FAC-2023-69250
852,2024-10-18,México,Minería,Exportación,412266.89,2156.0,196,2.77,8006.56.56,FAC-2024-83241
853,2022-08-10,México,Educación,Exportación,49347.36,1.9,33,12.77,6085.82.42,FAC-2022-86751
854,10/16/2023,Argentina,Logística,Importación,52187.67,290.9,193,5.06,8973.17.45,FAC-2023-71018
855,2024-03-15,Perú,Logística,Importación,46070.22,,399,1.57,0686.36.76,FAC-2024-57349
856,2024-02-16,Brasil,Educación,Exportación,78143.27,6.5,216,5.82,1455.84.11,FAC-2024-33484
857,2024-03-11,Colombia,Logística,Importación,53414.74,,324,11.24,0191.37.36,FAC-2024-18200
858,2022-08-20,USA,Educación,Importación,78076.38,5.2,405,19.21,3545.64.52,FAC-2022-75664
859,2023-03-28,México,  logística  ,Exportación,152093.03,315.7,282,19.74,3687.12.41,FAC-2023-45648
860,2022-10-25,USA,Finanzas,Importación,"$342,487.79",0.0,87,16.05,9377.66.52,FAC-2022-51620
861,2023-11-08,Colombia,Agroindustria,Importación,83069.95,104.2,211,7.62,8366.14.69,fac-2023-73998
862,2024-08-15,Argentina,Educación,Importación,82071.39,5.3,79,14.39,8156.43.53,FAC-2024-87010
863,2023-03-06,Perú,Retail,Importación,253101.03,57.6,292,15.63,1265.92.31,FAC-2023-86106
864,2023-03-23,Argentina,Educación,Import,47555.98,10.3,491,18.55,4083.85.19,FAC-2023-15089
865,2024-08-17,ALEMANIA,Logística,Exportación,83940.05,317.6,136,24.77,7921.56.57,FAC-2024-60779
866,2024-11-27,USA,  retail  ,Exportación,203015.76,156.1,213,16.87,2526.35.68,FAC-2024-27388
867,2023-12-01,Brasil,Minería,Exportación,,960.3,304,3.95,9984.26.86,FAC-2023-51864
868,2022-08-05,USA,Minería,Importación,1037956.12,437.4,63,13.77,7807.20.21,FAC-2022-14251
869,2022-07-03,Perú,Agroindustria,Importación,90788.72,1246.2,169,22.49,4285.79.56,FAC-2022-97612
870,2023-10-20,Chile,Tecnología,Importación,608943.9,19.1,461,,9887.94.99,FAC-2023-29150
871,2022-05-10,Perú,Agroindustria,Exportación,79163.64,769.2,277,8.4,5955.57.32,FAC-2022-31319
872,2022-10-24,Alemania,Agroindustria,Exportación,90277.72,1092.5,148,3.94,9874.67.26,FAC-2022-32719
873,2022-02-23,Ecuador,Finanzas,Importación,224453.78,0.0,382,17.25,6443.68.61,FAC-2022-45160
874,2022-01-21,Alemania,Minería,Importación,542967.23,481.2,385,3.79,3974.35.81,FAC-2022-42142
875,2024-10-07,Argentina,Logística,Importación,138856.16,102.1,309,5.23,6185.88.18,FAC-2024-60871
876,2022-01-01,Alemania,Agroindustria,Exportación,148029.68,1543.8,423,19.89,2394.59.63,FAC-2022-18116
877,2024-03-26,Alemania,Retail,Importación,190444.54,23.9,428,11.28,9520.93.52,FAC-2024-94913
878,2023-08-10,BR,Minería,Importación,790078.63,1268.3,144,6.18,2661.23.99,FAC-2023-90098
879,2024-07-16,Chile,Tecnología,Exportación,280910.63,27.8,279,1.14,7708.10.36,FAC-2024-37686
880,2022-10-17,Perú,Manufactura,Importación,"$39,735.68",166.5,261,18.56,4643.10.36,FAC-2022-10259
881,2024-03-17,España,Finanzas,Exportación,337305.7,0.0,408,22.96,6303.24.56,FAC-2024-50306
882,12 de noviembre 2022,Alemania,Logística,Importación,129312.26,517.4,323,14.26,7598.11.77,FAC-2022-35106
883,2024-11-04,Argentina,Manufactura,Exportación,379333.65,61.7,241,2.96,4656.37.29,FAC-2024-66472
884,2024-07-28,Perú,Logística,Importación,174262.82,191.1,458,12.91,2801.65.18,FAC-2024-90113
885,2024-09-08,USA,Retail,Exportación,52845.86,170.3,264,,8347.46.36,FAC-2024-53816
886,2022-11-18,España,Educación,Exportación,11069.35,6.0,298,18.81,1186.54.79,FAC-2022-87296
887,2023-12-26,Chile,Tecnología,Importación,63324.94,15.7,77,10.77,6653.23.13,FAC-2023-82642
888,2022-10-11,Chile,Manufactura,Exportación,302388.77,522.9,172,16.66%,0378.84.67,FAC-2022-93963
889,2022-11-11, méxico ,Logística,Importación,45160.5,255.7,347,22.07,1124.40.36,FAC-2022-42077
890,2023-04-20,Alemania,Educación,Importación,14884.46,8.3,471,22.75,2255.42.98,FAC-2023-79887
891,2024-03-01,Perú,Agroindustria,Exportación,133092.65,134.3,42,5.49,4453.45.16,FAC-2024-37691
892,2024-04-21,Ecuador,Tecnología,Exportación,236872.69,31.1,80,7.73,76419622,FAC-2024-36025
893,2022-11-13,Alemania,Logística,Importación,55203.89,413.1,99,3.21%,3473.39.76,FAC-2022-45956
894,2024-05-16,AR,Educación,Exportación,,8.8,422,12.51,3919.26.40,FAC-2024-45635
895,2022-05-16,Alemania,Tecnología,Exportación,,37.5,345,3.69,6209.24.83,FAC-2022-46500
896,2024-07-14,Perú,  manufactura  ,Importación,386585.17,52.3,26,21.83,6963.46.83,FAC-2024-18796
897,2023-05-28,Argentina,Manufactura,Exportación,177714.28,182.1,453,0.58,4940.62.45,FAC-2023-77237
898,2023-01-15,Colombia,Tecnología,Exportación,83431.9,11.4,58,3.62,3645.68.98,FAC-2023-78623
899,2022-10-20,PE,Agroindustria,Importación,153831.68,817.1,365,3.19,5708.48.88,FAC-2022-18623
900,11/22/2024,Chile,Minería,Exportación,187653.27,-3915.8,111,14.87,1630.64.73,FAC-2024-86273
901,2022-11-21,Chile,Retail,Importación,278023.39,109.4,239,8.48,5606.97.59,FAC-2022-90004
902,2022-09-27,Colombia,Minería,Exportación,458019.29,3902.1,,5.6,6511.86.83,FAC-2022-12992
903,2022-06-13,Brasil,Agroindustria,Import,135834.55,412.1,318,9.5,5531.75.95,FAC-2022-71306
904,2022-10-03,España,Minería,Exportación,139419.85,285.7,158,6.28,0921.46.19,FAC-2022-41640
905,2022-01-09,Perú,Agroindustria,Importación,114347.77,784.6,394,3.62,13555093,FAC-2022-35329
906,2024-10-05,Brasil,Minería,Exportación,521111.75,1435.8,350,9.68,4470.15.95,FAC-2024-46356
907,2022-08-15,Brasil,Minería,Exportación,1005607.22,3095.3,52,23.04,2071.32.42,FAC-2022-50088
908,2022-07-21,Argentina,Retail,Exportación,196824.94,115.4,165,11.15,6527.28.57,FAC-2022-32044
909,2024-03-14,Colombia,Minería,Exportación,643856.4,3096.3,438,23.72,1204.65.11,FAC-2024-87763
910,2023-10-25,Argentina,Logística,Importación,139751.61,286.8,293,10.8,8549.20.89,FAC-2023-42302
911,2022-04-03,USA,Educación,Importación,13179.45,5.3,450,12.85,6328.79.26,FAC-2022-84847
912,2023-05-11,Brasil,Minería,Importación,1012235.62,862.0,365,15.34,8676.32.58,FAC-2023-48602
913,8 de marzo 2023,Colombia,Logística,Exportación,26960.01,291.3,419,18.53,9903.21.68,FAC-2023-31418
914,2023-09-05,US,Finanzas,Exportación,493916.48,0.0,279,8.33,9798.93.92,FAC-2023-48060
915,2024-09-17,Brasil,Tecnología,Exportación,183399.29,8.2,141,0.35,3873.96.34,FAC-2024-93719
916,1 de enero 2023,Argentina,Logística,Importación,160319.12,127.1,230,24.34,8351.16.83,FAC-2023-93397
917,12/01/2023,Colombia,Finanzas,Importación,292807.53,0.0,347,14.77,7802.96.71,FAC-2023-52084
918,2022-12-25,CO,Tecnología,Importación,477675.69,24.7,10,22.27,6845.74.18,FAC-2022-52567
919,2022-12-03,Chile,Finanzas,Importación,374088.48,0.0,330,11.9,6478.33.70,FAC-2022-98625
920,2024-12-27,Argentina,Agroindustria,Importación,110045.67,134.6,496,23.69,2918.29.19,FAC-2024-23256
921,2023-02-11,Argentina,Agroindustria,Importación,59080.92,1836.9,217,12.43,4926.43.72,FAC-2023-67379
922,2023-07-10,Colombia,,Importación,29144.77,7.8,,21.93,2586.15.52,FAC-2023-97393
923,2024-08-08,USA,Logística,Importación,71485.1,274.6,402,15.34,0478.94.98,FAC-2024-33647
924,2023-10-21,Ecuador,Manufactura,Exportación,203994.64,221.4,483,11.33,4086.94.32,FAC-2023-27984
925,2024-02-12,Perú,Manufactura,Importación,417383.93,386.6,,1.25,7260.60.49,FAC-2024-97212
926,2022-08-03,Ecuador,Minería,Exportación,636871.67,885.5,168,4.44,7825.18.28,FAC-2022-42145
927,2023-04-11,USA,Retail,Importación,136312.04,141.0,78,0.99,7238.79.99,FAC-2023-84278
928,08/02/2023,Ecuador,EDUCACIÓN,Exportación,71627.69,15.0,398,0.24,8322.52.55,FAC-2023-91501
929,10 de octubre 2022,España,Retail,Exportación,256475.73,36.5,244,24.54,6527.54.77,FAC-2022-18226
930,2022-10-02,Ecuador,Logística,Exportación,205501.86,275.2,499,16.64,4350.58.40,FAC-2022-84461
931,2023-08-07,México,Agroindustria,Importación,78291.42,1541.6,416,,3057.42.72,FAC-2023-70975
932,2024-12-04,Colombia,Minería,Import,1010184.91,3440.8,167,21.65,3293.64.15,FAC-2024-79614
933,07/09/2023,Perú,Logística,Importación,58824.3,534.3,83,6.17,3496.84.64,FAC-2023-62350
934,2023-08-03,PERÚ,Tecnología,Importación,454110.57,11.8,319,14.79,5848.32.43,FAC-2023-40958
935,2022-06-19,Alemania,Retail,Importación,214543.3,159.7,303,0.93,8196.65.95,FAC-2022-38316
936,2024-03-22,Alemania,Agroindustria,Importación,132733.96,1924.0,70,22.56,5644.13.80,FAC-2024-29299
937,2022-03-01,Argentina,Retail,Exportación,151426.17,152.8,427,18.26,3440.58.15,FAC-2022-50037
938,2022-02-06,Brasil,Minería,Exportación,671169.57,3573.2,490,14.67,5322.33.12,FAC-2022-40753
939,13 de marzo 2022,Alemania,Manufactura,Importación,272723.47,78.7,166,24.5,5562.17.75,FAC-2022-16770
940,2024-08-26,Perú,Manufactura,Exportación,-112762.87,50.8,212,16.12,7129.81.96,FAC-2024-33971
941,2023-01-08,Argentina,Tecnología,Importación,570297.28,7.4,276,6.4,,FAC-2023-68316
942,2024-03-25,Brasil,Educación,Importación,66325.41,13.8,,23.0,4312.50.55,FAC-2024-29739
943,2022-07-21,Chile,Minería,Importación,815034.0,906.8,293,20.57,7539.73.81,
944,2023-06-22,Perú,Retail,Importación,219099.84,127.2,-122,7.57,2554.82.34,FAC-2023-29876
945,2022-03-27,Argentina,Manufactura,Importación,112934.8,260.0,311,16.69,9014.69.63,
946,2024-08-26,Argentina,Manufactura,Exportación,353312.15,449.9,444,13.59,5304.53.39,FAC-2024-68935
947,2024-01-09, ecuador ,  agroindustria  ,Importación,51476.71,1604.1,367,3.44,1741.28.84,FAC-2024-64171
948,09/10/2022,Chile,Logística,Importación,107140.09,475.4,334,11.96,6126.22.79,FAC-2022-88419
949,2024-02-27,México,Retail,Exportación,180274.0,70.5,185,24.49,3532.94.51,FAC-2024-70266
950,2024-05-03,Brasil,Manufactura,Exportación,63956.8,51.3,228,20.77,9925.77.50,FAC-2024-25753
951,2024-02-23,Brasil,Tecnología,Importación,576968.23,5.8,482,6.72,0667.88.11,FAC-2024-83622
952,2024-04-03,México,Minería,Exportación,379519.38,3261.0,299,8.68,4809.74.92,FAC-2024-65057
953,2024-05-23,USA,Finanzas,Importación,511787.52,0.0,282,24.29,9766.59.81,FAC-2024-62540
954,,España,Retail,Exportación,142027.26,-77.9,194,22.8,3838.77.91,FAC-2024-77353
955,2022-11-13,Argentina,FINANZAS,Exportación,196782.41,0.0,415,12.4,7109.70.10,FAC-2022-50159
956,2023-05-13,Ecuador,Tecnología,Importación,147116.72,2.0,294,5.22,7709.17.62,FAC-2023-73036
957,2023-01-16,BR,Educación,Importación,27131.16,13.0,204,6.03,0542.49.80,FAC-2023-69139
958,2024-01-03,Perú,Educación,Importación,85317.9,14.4,105,18.91,5182.85.47,FAC-2024-76408
959,2024-08-17,Alemania,Retail,Importación,183257.32,197.8,407,22.17,0840.50.71,FAC-2024-27412
960,2023-05-06,México,Agroindustria,Importación,55040.95,1978.7,483,6.97,7166.31.13,FAC-2023-15209
961,2022-06-01,Ecuador,Tecnología,Exportación,377250.06,29.8,28,12.15,7987.72.39,
962,2023-01-07,,Retail,Importación,"$259,751.45",76.4,453,3.48,7154.41.36,FAC-2023-17322
963,2023-07-22,Colombia,Finanzas,Exportación,393842.21,0.0,290,3.27,7507.48.68,FAC-2023-85649
964,2022-01-10,México,Tecnología,Exportación,445860.1,15.8,145,7.96,7428.84.20,FAC-2022-46243
965,2023-12-08,Ecuador,Minería,Exportación,"$814,125.21",438.6,385,18.89,8798.67.11,FAC-2023-98408
966,2024-01-18,España,Finanzas,Importación,474638.0,0.0,111,22.46,1542.39.22,FAC-2024-64079
967,2022-05-20,  Chile  ,Agroindustria,Importación,99602.4,1833.9,280,15.97,2660.85.66,FAC-2022-64339
968,2023-10-23, colombia ,Tecnología,Importación,208561.6,20.4,321,2.56,7280.61.26,FAC-2023-84499
969,2024-02-17,Perú,Logística,Exportación,197753.33,445.1,291,6.33,2647.16.95,FAC-2024-24801
970,2024-04-27,Colombia,Manufactura,Export,407581.92,631.8,214,12.55,5618.43.60,FAC-2024-79102
971,2022-10-17, brasil ,AGROINDUSTRIA,Importación,129271.08,383.0,81,15.33,7995.48.85,FAC-2022-76809
972,2024-09-04,Ecuador,Minería,Exportación,1011408.2,3417.1,339,7.09,1205.55.32,FAC-2024-90703
973,2022-08-22,Argentina,Manufactura,Exportación,173946.91,190.8,30,10.53,0521.95.35,FAC-2022-97194
974,02/27/2022,Brasil,Manufactura,Exportación,"$85,964.33",767.0,353,8.84,9755.16.46,FAC-2022-56090
975,2024-01-05,USA,Tecnología,Exportación,260935.19,36.4,462,8.03,4743.35.96,FAC-2024-43951
976,2023-12-14,México,Agroindustria,Export,108602.03,642.1,320,4.62,4743.48.24,FAC-2023-11790
977,2023-09-26,Perú,RETAIL,Exportación,197590.75,34.0,340,9.57,7820.96.67,FAC-2023-58760
978,2022-05-07,México,Tecnología,Importación,579838.57,32.0,51,23.51,5343.64.22,FAC-2022-44205
979,04/14/2024,Ecuador,Logística,Importación,141707.47,588.8,29,12.65,7209.55.32,FAC-2024-72287
980,2024-04-25,México,Agroindustria,Importación,66300.21,1191.5,-210,15.58,0618.69.54,FAC-2024-74618
981,2023-11-19,USA,  retail  ,Exportación,248204.57,-55.7,449,22.11,7111.53.77,FAC-2023-44033
982,2024-01-24,Ecuador,Agroindustria,Importación,41850.26,219.4,24,20.2,8143.42.41,FAC-2024-41242
983,2022-06-04,Brasil,Finanzas,Exportación,507916.81,0.0,349,8.75,9085.60.26,FAC-2022-21104
984,2024-10-20,Alemania,Minería,Exportación,544470.56,3176.8,56,15.37,6101.51.19,FAC-2024-16840
985,2024-05-27,Ecuador,Educación,Importación,,5.5,122,13.79,1915.44.57,FAC-2024-22954
986,2023-09-18,Perú,Educación,Exportación,39469.35,18.1,143,24.55,3456.57.56,FAC-2023-40763
987,2024-11-10,USA,Retail,Exportación,248758.85,73.3,80,23.72,1462.15.70,FAC-2024-63213
988,2022-07-02,Brasil,Tecnología,Exportación,458294.87,38.5,11,9.83,3228.96.29,FAC-2022-66688
989,2024-01-18,Alemania,Tecnología,Exportación,,14.8,181,1.48,9443.94.17,FAC-2024-19556
990,10/23/2022,México,Finanzas,Exportación,47208832.0,-0.0,295,22.26,9108.88.44,FAC-2022-19225
991,2023-01-13,Alemania,Minería,Exportación,358660.37,331.7,135,12.47,6208.21.45,FAC-2023-64949
992,2022-03-07,Colombia,Minería,Exportación,158166.01,-2787.4,127,15.87,6413.50.64,FAC-2022-79017
993,2022-06-20,Brasil,Tecnología,Importación,446318.81,10.5,90,12.33,1221.83.25,FAC-2022-39125
994,8 de diciembre 2023,Argentina,Finanzas,Exportación,207175.72,0.0,449,2.46,1839.66.51,FAC-2023-64627
995,28 de octubre 2024,Colombia,Retail,Importación,246862.35,135.1,93,6.78,2899.55.13,FAC-2024-67624
996,2024-09-18,Ecuador,Tecnología,Exportación,362667.78,18.6,408,,5224.96.46,FAC-2024-63370
997,2023-08-08,Chile,,Exportación,109635.0,183.3,458,13.91,5842.82.33,FAC-2023-87780
998,2024-02-11,España,Minería,Importación,789611.35,948.4,301,22.66,6830.35.56,FAC-2024-62231
999,2023-09-24,Brasil,Manufactura,Exportación,213117.73,268.2,302,6.5,7827.14.52,FAC-2023-76918
1000,2023-07-01,Alemania,Logística,Importación,34437.88,68.6,269,,6106.91.59,FAC-2023-43246
1001,2023-10-11,Colombia,Educación,Importación,63603.06,,225,8.42,2446.49.30,FAC-2023-34400
1002,2023-06-01,Ecuador,Retail,Exportación,241631.3,125.9,405,20.62,2540.90.89,FAC-2023-98529
1003,2024-10-06,España,Finanzas,Importación,405666.44,0.0,202,3.29,1613.60.37,FAC-2024-24500
1004,2023-05-09,Argentina,Agroindustria,Importación,132422.67,1116.7,43,15.49,7114.11.92,FAC-2023-97755
1005,19 de marzo 2023,Colombia,Agroindustria,Importación,125945.82,1204.8,120,14.57,2049.93.20,FAC-2023-39436
1006,2022-05-07,Ecuador,Educación,Importación,32055.61,,492,18.57,1962.16.64,FAC-2022-90511
1007,2023-03-04,Ecuador,Minería,Importación,410375.8,3713.9,32,4.45,7724.96.64,FAC-2023-97460
1008,2024-11-01,Brasil,Minería,Exportación,471605.07,3046.7,274,13.82,6044.20.50,FAC-2024-66202
1009,2022-03-14,Brasil,Tecnología,Exportación,410595.82,30.0,121,15.6,4587.26.93,FAC-2022-33306
1010,2022-07-07,México,Tecnología,Exportación,698646.45,26.3,89,,3109.44.32,FAC-2022-69151
1011,2022-08-02,España,Tecnología,Exportación,477168.13,35.4,222,3.28,9730.61.80,FAC-2022-18800
1012,2023-05-28,USA,Finanzas,Exportación,65996.35,0.0,110,6.97,2432.13.25,FAC-2023-16679
1013,2024-02-06,EC,Manufactura,Importación,178891.47,543.7,374,3.84,5469.73.61,FAC-2024-11105
1014,2022-12-19,Chile,Tecnología,Importación,124028.84,36.2,240,16.49,2073.82.56,FAC-2022-66139
1015,2022-07-09,Perú,Retail,Exportación,242200.53,158.1,395,3.85,5695.49.97,FAC-2022-57060
1016,2024-11-13, españa ,Finanzas,Exportación,100660.04,0.0,409,8.38,4715.32.64,FAC-2024-60262
1017,2024-11-28,ECUADOR,Finanzas,Importación,124490.11,0.0,404,7.48,9704.94.12,FAC-2024-77677
1018,,Chile,Minería,Importación,721408.41,2958.5,426,9.02,8987.60.48,
1019,2022-11-28,México,Educación,Exportación,79956.5,17.9,239,,7621.94.78,FAC-2022-51340
1020,2023-12-01,México,Retail,Importación,76213.0,75.6,402,12.97,5923.33.54,FAC-2023-52054
