"Fecha","Último","Apertura","Máximo","Mínimo","Vol.","% var."
"04.09.2026","382,53","380,33","385,26","380,12","149,37K","-0,43%"
"03.09.2026","384,19","382,06","386,20","377,71","215,16K","1,22%"
"02.09.2026","379,56","374,93","383,80","372,52","278,60K","1,89%"
"01.09.2026","372,52","366,02","374,36","364,49","293,93K","1,68%"
"31.08.2026","366,38","372,48","373,47","365,65","389,09K","-0,55%"
"28.08.2026","368,40","377,79","377,79","367,96","554,80K","-1,29%"
"27.08.2026","373,20","380,99","383,01","372,09","310,58K","-2,44%"
"26.08.2026","382,55","382,88","385,97","380,88","240,57K","-0,20%"
"25.08.2026","383,30","381,54","383,69","375,21","214,64K","0,94%"
"24.08.2026","379,74","379,09","381,54","375,18","199,26K","0,20%"
"21.08.2026","378,97","375,09","379,83","373,72","192,83K","2,37%"
"20.08.2026","370,21","368,14","377,91","368,14","298,47K","0,33%"
"19.08.2026","368,98","371,98","380,37","365,58","258,15K","0,15%"
"18.08.2026","368,44","376,21","389,70","365,78","350,44K","-2,60%"
"17.08.2026","378,28","385,23","392,39","375,51","440,31K","-2,09%"
"14.08.2026","386,36","384,30","392,16","376,00","455,40K","2,99%"
"13.08.2026","375,14","373,73","379,43","370,55","339,31K","0,78%"
"12.08.2026","372,22","381,14","384,43","372,15","273,80K","-1,27%"
"11.08.2026","377,00","385,00","389,00","374,69","306,11K","-1,36%"
"10.08.2026","382,21","384,74","392,52","381,67","211,10K","-1,22%"
"07.08.2026","386,93","392,82","396,02","385,44","210,28K","-1,44%"
"06.08.2026","392,57","395,60","399,26","391,24","168,02K","-0,58%"
"05.08.2026","394,88","391,49","400,97","391,49","204,71K","0,70%"
"04.08.2026","392,12","393,67","400,61","390,79","316,42K","-0,93%"
"03.08.2026","395,79","396,07","401,93","392,83","269,81K","-1,20%"
"31.07.2026","400,58","409,30","413,24","400,24","349,10K","-0,42%"
"30.07.2026","402,27","390,09","402,83","390,09","412,20K","4,78%"
"29.07.2026","383,93","390,61","391,88","380,43","201,18K","-1,29%"
"28.07.2026","388,95","381,07","393,18","381,07","199,64K","-0,52%"
"27.07.2026","390,99","392,28","395,59","383,98","175,56K","0,66%"
"24.07.2026","388,42","391,52","394,26","386,06","162,67K","0,20%"
"23.07.2026","387,63","390,38","393,02","385,12","169,77K","-1,53%"
"22.07.2026","393,67","391,61","394,27","386,20","703,89K","0,66%"
"21.07.2026","391,10","392,65","396,15","389,79","280,49K","1,10%"
"20.07.2026","386,85","390,44","397,68","386,11","241,44K","-0,95%"
"17.07.2026","390,58","382,00","393,38","377,45","253,39K","0,81%"
"16.07.2026","387,44","392,40","396,51","387,08","366,80K","-2,70%"
"15.07.2026","398,20","393,64","399,89","392,09","256,73K","1,52%"
"14.07.2026","392,24","394,24","397,14","389,70","259,78K","0,78%"
"13.07.2026","389,22","401,21","403,30","387,80","210,01K","-2,89%"
"10.07.2026","400,81","395,96","402,19","394,11","205,21K","2,27%"
"09.07.2026","391,92","382,80","394,74","378,26","323,73K","2,74%"
"08.07.2026","381,47","384,54","389,08","376,59","290,83K","-1,29%"
"07.07.2026","386,47","389,60","394,00","385,86","251,14K","-1,49%"
"06.07.2026","392,32","395,52","398,58","389,46","274,03K","0,28%"
"02.07.2026","391,21","390,81","396,38","388,93","245,17K","1,09%"
"01.07.2026","387,00","386,47","399,38","384,25","406,20K","-0,66%"
"30.06.2026","389,58","385,00","394,26","385,00","380,81K","1,26%"
"29.06.2026","384,74","381,57","389,70","379,59","264,10K","0,17%"
"26.06.2026","384,10","380,82","391,21","380,01","274,58K","0,97%"
"25.06.2026","380,41","379,15","390,19","371,25","435,41K","1,04%"
"24.06.2026","376,49","371,19","385,64","368,74","491,54K","2,09%"
"23.06.2026","368,77","375,35","378,45","368,53","472,98K","-3,10%"
"22.06.2026","380,57","383,09","390,00","378,48","431,70K","-0,57%"
"18.06.2026","382,76","398,52","398,52","380,57","674,53K","-1,08%"
"17.06.2026","386,94","374,84","396,03","374,84","568,80K","6,22%"
"16.06.2026","364,28","365,28","368,46","361,26","475,21K","0,54%"
"15.06.2026","362,32","369,67","374,52","359,33","654,14K","-1,96%"
"12.06.2026","369,55","374,47","376,77","368,61","309,11K","0,32%"
"11.06.2026","368,38","364,41","374,84","362,05","730,19K","4,75%"
"10.06.2026","351,66","346,84","355,88","343,41","675,13K","0,59%"
"09.06.2026","349,61","341,70","366,22","339,09","1,43M","9,29%"
"08.06.2026","319,89","317,99","320,98","299,00","1,58M","-0,81%"
"05.06.2026","322,50","322,37","324,36","310,75","1,21M","-1,23%"
"04.06.2026","326,53","330,50","333,76","325,00","679,56K","-0,27%"
"03.06.2026","327,42","339,58","343,31","327,42","822,15K","-4,80%"
"02.06.2026","343,93","340,58","344,88","337,18","256,36K","0,99%"
"01.06.2026","340,56","339,55","343,80","335,75","307,63K","-0,60%"
"29.05.2026","342,63","340,79","347,64","337,67","792,26K","0,33%"
"28.05.2026","341,50","345,77","345,77","336,82","684,97K","-1,94%"
"27.05.2026","348,24","351,24","354,41","343,08","345,54K","-1,00%"
"26.05.2026","351,75","337,30","353,61","336,11","309,55K","5,22%"
"22.05.2026","334,30","344,48","350,00","332,55","454,92K","-2,82%"
"21.05.2026","344,00","331,42","345,77","328,91","531,81K","3,22%"
"20.05.2026","333,27","313,37","335,55","313,37","668,89K","5,54%"
"19.05.2026","315,79","306,43","316,57","303,87","648,77K","3,93%"
"18.05.2026","303,86","302,09","310,28","300,00","337,75K","-3,94%"
"15.05.2026","316,31","321,90","338,86","313,75","667,96K","-3,47%"
"14.05.2026","327,69","317,89","329,02","316,00","576,46K","3,15%"
"13.05.2026","317,68","323,33","324,74","312,00","503,15K","-1,90%"
"12.05.2026","323,82","319,50","326,14","317,58","302,61K","0,43%"
"11.05.2026","322,42","330,59","333,13","321,53","318,33K","-2,44%"
"08.05.2026","330,50","326,60","332,80","323,75","452,53K","2,71%"
"07.05.2026","321,77","325,20","328,99","319,17","285,29K","-1,46%"
"06.05.2026","326,55","325,00","328,46","317,94","303,95K","2,56%"
"05.05.2026","318,40","322,20","325,14","317,29","331,90K","-0,49%"
"04.05.2026","319,98","321,78","324,00","317,83","194,27K","-0,62%"
"01.05.2026","321,97","323,25","327,10","321,23","142,98K","-0,68%"
"30.04.2026","324,17","320,76","325,87","317,22","188,73K","1,92%"
"29.04.2026","318,06","321,07","325,16","315,25","192,69K","-0,83%"
"28.04.2026","320,72","318,90","320,72","316,27","310,36K","0,24%"
"27.04.2026","319,94","323,65","326,31","316,42","288,80K","-1,15%"
"24.04.2026","323,65","323,00","330,75","320,37","314,47K","0,05%"
"23.04.2026","323,49","334,00","336,72","321,52","385,09K","-3,28%"
"22.04.2026","334,47","337,31","339,00","329,92","388,61K","0,38%"
"21.04.2026","333,22","337,71","345,73","330,96","255,60K","-0,78%"
"20.04.2026","335,85","329,92","339,84","327,51","333,11K","1,18%"
"17.04.2026","331,94","341,22","349,32","328,42","718,23K","-2,43%"
"16.04.2026","340,22","318,12","340,97","316,05","1,05M","7,50%"
"15.04.2026","316,49","358,20","358,20","314,52","1,33M","-11,49%"
"14.04.2026","357,59","362,47","362,47","354,04","347,19K","-1,04%"
"13.04.2026","361,34","351,50","365,46","347,38","644,39K","3,41%"
"10.04.2026","349,42","353,13","358,65","346,82","291,53K","-0,84%"
"09.04.2026","352,37","350,10","354,94","346,11","435,41K","0,03%"
"08.04.2026","352,25","347,73","357,00","347,73","337,94K","4,39%"
"07.04.2026","337,44","336,92","339,13","332,46","196,83K","-0,41%"
"06.04.2026","338,83","339,49","343,86","337,26","180,69K","-0,34%"
"02.04.2026","339,98","333,56","343,61","330,42","175,93K","-0,38%"
"01.04.2026","341,26","345,90","348,00","340,97","295,17K","0,61%"
"31.03.2026","339,18","326,52","340,01","320,13","469,85K","6,18%"
"30.03.2026","319,43","323,91","323,91","316,70","285,04K","-0,93%"
"27.03.2026","322,43","328,46","329,89","319,77","384,34K","-1,86%"
"26.03.2026","328,54","335,19","340,20","328,44","239,75K","-3,06%"
"25.03.2026","338,90","335,12","341,07","332,29","342,73K","2,62%"
"24.03.2026","330,24","323,02","332,47","323,02","269,85K","0,12%"
"23.03.2026","329,83","330,88","338,51","326,99","325,81K","2,55%"
"20.03.2026","321,64","326,26","329,14","319,43","526,12K","-2,03%"
"19.03.2026","328,32","317,35","329,27","315,01","312,96K","1,32%"
"18.03.2026","324,04","334,58","338,38","323,36","289,85K","-3,15%"
"17.03.2026","334,58","337,61","341,06","332,86","342,31K","0,58%"
"16.03.2026","332,66","330,49","335,55","323,45","229,13K","2,14%"
"13.03.2026","325,68","329,48","334,22","324,04","432,13K","0,15%"
"12.03.2026","325,20","327,64","331,86","324,55","422,23K","-3,68%"
"11.03.2026","337,61","337,86","341,13","332,44","172,95K","-1,08%"
"10.03.2026","341,28","332,83","345,78","329,30","387,58K","3,54%"
"09.03.2026","329,60","326,17","329,80","319,70","251,36K","-0,29%"
"06.03.2026","330,57","332,42","335,52","324,07","616,00K","-1,08%"
"05.03.2026","334,18","334,55","339,23","325,40","351,57K","-1,49%"
"04.03.2026","339,23","335,27","341,63","333,16","352,33K","1,97%"
"03.03.2026","332,68","343,82","347,98","329,40","890,59K","-5,74%"
"02.03.2026","352,94","342,44","353,33","338,92","251,97K","1,89%"
"27.02.2026","346,38","354,23","359,55","345,95","802,01K","-2,56%"
"26.02.2026","355,48","353,27","357,30","347,84","374,42K","0,10%"
"25.02.2026","355,14","352,31","360,83","352,31","488,49K","0,77%"
"24.02.2026","352,43","347,20","352,44","341,14","488,58K","2,31%"
"23.02.2026","344,47","352,20","353,93","343,56","218,61K","-1,65%"
"20.02.2026","350,25","350,34","352,19","340,36","478,54K","0,24%"
"19.02.2026","349,40","344,51","350,39","340,90","714,54K","0,98%"
"18.02.2026","346,00","337,30","347,45","335,89","515,27K","3,85%"
"17.02.2026","333,18","332,29","337,58","325,64","912,73K","1,02%"
"13.02.2026","329,81","324,25","333,82","318,14","1,12M","-3,30%"
"12.02.2026","341,05","343,96","346,23","339,42","569,85K","-0,77%"
"11.02.2026","343,68","351,39","352,50","343,30","670,38K","-1,39%"
"10.02.2026","348,54","357,62","360,00","346,59","633,84K","-2,30%"
"09.02.2026","356,74","354,08","358,40","350,79","918,05K","0,97%"
"06.02.2026","353,30","360,30","364,57","351,63","803,05K","-0,87%"
"05.02.2026","356,40","358,90","362,48","351,66","559,38K","-1,99%"
"04.02.2026","363,63","374,16","377,05","359,14","406,99K","-3,10%"
"03.02.2026","375,25","372,81","380,20","370,00","925,91K","2,00%"
"02.02.2026","367,91","355,34","368,77","353,79","327,07K","3,11%"
"30.01.2026","356,83","360,31","362,41","351,94","973,27K","-2,35%"
"29.01.2026","365,42","361,00","365,42","353,99","495,20K","2,02%"
"28.01.2026","358,18","356,15","359,22","348,12","540,31K","0,57%"
"27.01.2026","356,15","352,82","359,86","351,34","1,15M","2,05%"
"26.01.2026","349,00","342,92","350,60","342,30","825,27K","1,36%"
"23.01.2026","344,33","341,50","344,50","335,89","424,46K","1,09%"
"22.01.2026","340,61","333,61","341,55","332,65","563,05K","2,41%"
"21.01.2026","332,59","327,19","333,43","326,25","396,99K","1,73%"
"20.01.2026","326,93","318,99","328,41","318,74","369,90K","1,58%"
"16.01.2026","321,83","316,99","322,68","316,01","353,70K","0,96%"
"15.01.2026","318,78","318,89","322,77","317,86","628,00K","0,56%"
"14.01.2026","316,99","313,00","318,19","312,31","323,87K","1,76%"
"13.01.2026","311,50","308,34","312,33","304,78","460,82K","1,42%"
"12.01.2026","307,15","302,15","307,57","302,15","217,92K","1,65%"
"09.01.2026","302,15","303,78","305,90","301,00","379,99K","-0,56%"
"08.01.2026","303,84","294,05","304,24","294,05","371,30K","3,45%"
"07.01.2026","293,70","294,00","296,10","291,00","369,49K","-0,68%"
"06.01.2026","295,71","295,07","299,94","294,49","383,53K","1,10%"
"05.01.2026","292,50","287,77","294,12","287,00","350,73K","2,13%"
"02.01.2026","286,41","288,75","290,48","284,76","267,50K","-0,21%"
"31.12.2025","287,00","289,33","289,99","284,71","294,89K","-1,03%"
"30.12.2025","290,00","291,98","291,98","288,22","239,36K","-0,36%"
"29.12.2025","291,05","291,50","291,61","287,43","179,55K","-0,15%"
"26.12.2025","291,50","290,07","291,93","289,09","194,79K","0,71%"
"24.12.2025","289,45","288,36","290,98","288,36","83,70K","0,16%"
"23.12.2025","289,00","291,10","291,67","286,70","194,97K","-0,03%"
"22.12.2025","289,08","286,84","292,00","285,25","297,13K","1,16%"
"19.12.2025","285,77","281,63","287,05","281,63","567,14K","1,70%"
"18.12.2025","281,00","276,21","282,55","275,67","241,05K","1,96%"
"17.12.2025","275,60","275,60","281,56","272,00","488,02K","-1,57%"
"16.12.2025","280,00","281,28","284,76","277,20","290,83K","-0,79%"
"15.12.2025","282,24","283,97","285,68","281,29","189,87K","-0,10%"
"12.12.2025","282,53","282,52","285,50","281,21","285,80K","0,33%"
"11.12.2025","281,61","277,15","284,79","277,01","440,18K","1,66%"
"10.12.2025","277,00","275,88","278,27","275,00","306,41K","0,26%"
"09.12.2025","276,29","268,81","277,43","268,01","264,76K","2,58%"
"08.12.2025","269,34","273,23","273,80","265,27","200,52K","-1,09%"
"05.12.2025","272,30","278,50","280,56","270,43","323,10K","-1,93%"
"04.12.2025","277,65","265,09","279,47","264,39","701,01K","5,51%"
"03.12.2025","263,16","261,85","264,30","258,89","302,84K","0,74%"
"02.12.2025","261,23","257,81","263,51","256,54","454,99K","2,46%"
"01.12.2025","254,95","257,69","260,52","254,43","297,16K","-0,88%"
"28.11.2025","257,21","256,95","260,38","254,16","241,89K","0,52%"
"26.11.2025","255,87","253,63","257,70","252,05","352,84K","1,68%"
"25.11.2025","251,65","255,69","257,05","251,22","256,07K","-0,84%"
"24.11.2025","253,78","251,65","253,81","247,71","610,88K","2,39%"
"21.11.2025","247,85","240,30","249,38","240,00","453,34K","-0,19%"
"20.11.2025","248,31","258,10","258,10","247,74","313,88K","-2,51%"
"19.11.2025","254,70","251,73","255,62","251,73","189,29K","1,21%"
"18.11.2025","251,66","249,37","253,30","248,49","176,10K","0,48%"
"17.11.2025","250,47","252,04","254,80","248,85","176,85K","-1,31%"
"14.11.2025","253,80","236,01","260,24","230,45","357,76K","0,65%"
"13.11.2025","252,15","262,17","262,73","251,29","223,99K","-3,95%"
"12.11.2025","262,52","259,01","262,52","258,27","335,35K","1,69%"
"11.11.2025","258,16","259,95","260,76","258,05","235,75K","-0,33%"
"10.11.2025","259,01","261,18","263,08","256,93","136,51K","-0,20%"
"07.11.2025","259,52","258,09","260,79","255,00","298,26K","0,26%"
"06.11.2025","258,84","260,32","260,52","256,03","169,07K","0,01%"
"05.11.2025","258,82","257,72","260,87","257,66","188,62K","0,56%"
"04.11.2025","257,38","258,13","263,01","254,10","178,10K","-1,18%"
"03.11.2025","260,45","261,66","262,63","259,44","148,61K","-0,21%"
"31.10.2025","261,00","258,77","262,38","258,77","201,81K","0,38%"
"30.10.2025","260,00","262,20","262,88","259,47","255,86K","-1,28%"
"29.10.2025","263,36","260,00","264,74","259,37","313,53K","1,16%"
"28.10.2025","260,34","257,73","262,93","256,61","273,17K","1,50%"
"27.10.2025","256,49","258,26","259,47","255,45","221,88K","-0,12%"
"24.10.2025","256,80","258,42","260,15","256,80","131,09K","-0,44%"
"23.10.2025","257,93","256,23","258,23","254,37","269,84K","1,93%"
"22.10.2025","253,04","255,00","256,20","250,49","134,05K","-0,32%"
"21.10.2025","253,85","252,46","255,13","252,17","223,38K","0,11%"
"20.10.2025","253,57","255,59","258,26","252,92","249,16K","-0,19%"
"17.10.2025","254,06","251,57","256,95","249,55","402,85K","0,56%"
"16.10.2025","252,65","254,90","256,07","249,90","368,66K","-0,88%"
"15.10.2025","254,90","256,18","258,58","253,66","280,79K","0,37%"
"14.10.2025","253,95","258,20","260,21","253,67","442,25K","-1,57%"
"13.10.2025","258,00","257,62","262,26","255,10","361,52K","1,18%"
"10.10.2025","254,99","260,52","261,20","253,40","465,13K","-2,39%"
"09.10.2025","261,24","264,55","265,40","261,12","228,30K","-1,23%"
"08.10.2025","264,50","263,36","266,49","261,93","156,12K","0,72%"
"07.10.2025","262,62","265,16","266,92","262,31","141,95K","-0,78%"
"06.10.2025","264,69","265,26","266,33","261,58","142,70K","-0,56%"
"03.10.2025","266,19","259,68","266,39","257,40","353,11K","2,74%"
"02.10.2025","259,09","261,89","263,14","256,63","279,22K","-1,19%"
"01.10.2025","262,20","267,94","268,56","260,00","525,83K","-1,53%"
"30.09.2025","266,28","268,54","271,34","262,74","461,54K","-0,44%"
"29.09.2025","267,47","264,84","268,92","263,58","516,40K","1,45%"
"26.09.2025","263,66","265,25","265,95","262,67","177,62K","0,35%"
"25.09.2025","262,74","267,00","269,00","261,86","181,05K","-1,27%"
"24.09.2025","266,11","266,72","268,98","264,39","276,98K","0,21%"
"23.09.2025","265,55","267,20","269,89","264,39","195,97K","-0,46%"
"22.09.2025","266,77","262,74","267,27","262,36","222,32K","1,58%"
"19.09.2025","262,61","262,28","263,64","258,82","512,58K","0,27%"
"18.09.2025","261,91","276,42","277,92","260,40","769,29K","-5,89%"
"17.09.2025","278,29","274,56","280,88","272,55","569,60K","2,77%"
"16.09.2025","270,79","266,08","271,99","264,24","322,21K","1,94%"
"15.09.2025","265,64","267,76","268,42","265,40","189,22K","-0,16%"
"12.09.2025","266,06","266,61","267,52","264,33","318,59K","-0,20%"
"11.09.2025","266,59","264,74","267,02","262,31","457,23K","0,91%"
"10.09.2025","264,18","265,30","266,12","262,72","321,04K","0,10%"
"09.09.2025","263,92","263,90","268,48","263,90","257,25K","0,16%"
"08.09.2025","263,50","261,01","265,10","261,01","380,60K","0,88%"
"05.09.2025","261,20","259,97","262,18","251,97","586,38K","0,47%"
"04.09.2025","259,98","262,55","263,92","259,72","232,82K","-0,60%"
"03.09.2025","261,56","260,23","263,42","258,45","446,34K","0,56%"
"02.09.2025","260,11","255,36","260,27","255,06","360,20K","1,13%"
"29.08.2025","257,20","254,71","258,70","254,23","442,61K","0,43%"
"28.08.2025","256,09","253,21","256,54","251,69","257,96K","1,49%"
"27.08.2025","252,33","252,06","253,90","249,59","208,79K","-0,75%"
"26.08.2025","254,23","251,00","254,23","250,57","273,37K","0,88%"
"25.08.2025","252,01","254,60","256,74","251,63","136,85K","-1,18%"
"22.08.2025","255,01","250,79","256,99","250,42","409,95K","1,55%"
"21.08.2025","251,11","249,98","254,50","247,06","394,16K","0,82%"
"20.08.2025","249,07","249,32","251,40","247,13","974,13K","-0,56%"
"19.08.2025","250,48","252,92","254,58","249,43","494,49K","-1,08%"
"18.08.2025","253,22","251,33","254,62","249,42","345,79K","0,53%"
"15.08.2025","251,88","247,84","255,39","247,84","559,81K","0,61%"
"14.08.2025","250,36","250,19","252,38","247,73","276,76K","0,40%"
"13.08.2025","249,37","251,00","254,53","249,32","467,69K","-0,65%"
"12.08.2025","251,01","249,85","251,54","249,42","338,15K","0,73%"
"11.08.2025","249,20","249,40","250,41","248,17","255,05K","0,00%"
"08.08.2025","249,20","246,73","249,23","241,21","220,53K","1,30%"
"07.08.2025","246,00","243,86","246,08","242,90","318,68K","1,24%"
"06.08.2025","242,99","242,99","244,49","240,17","327,79K","0,41%"
"05.08.2025","242,00","242,67","249,63","240,21","328,03K","-0,19%"
"04.08.2025","242,45","237,24","242,45","236,24","399,60K","2,52%"
"01.08.2025","236,50","236,90","236,90","231,74","388,32K","-0,21%"
"31.07.2025","237,00","235,89","237,08","233,59","372,41K","0,82%"
"30.07.2025","235,08","236,08","237,85","231,55","336,80K","-1,23%"
"29.07.2025","238,00","235,13","239,72","234,57","271,73K","1,28%"
"28.07.2025","235,00","234,59","239,13","232,20","222,61K","-0,36%"
"25.07.2025","235,85","236,24","239,21","230,25","144,42K","-0,54%"
"24.07.2025","237,12","238,31","240,00","233,05","446,85K","0,05%"
"23.07.2025","237,00","230,96","237,37","230,96","624,92K","2,86%"
"22.07.2025","230,40","227,35","230,93","226,51","470,75K","1,79%"
"21.07.2025","226,34","227,13","229,54","225,49","201,68K","0,04%"
"18.07.2025","226,24","224,94","227,50","224,94","298,80K","0,30%"
"17.07.2025","225,57","220,98","226,04","220,80","341,01K","2,27%"
"16.07.2025","220,56","221,43","222,50","216,87","338,33K","-0,57%"
"15.07.2025","221,82","221,29","223,41","218,21","221,51K","0,18%"
"14.07.2025","221,42","222,64","224,09","221,27","176,98K","-0,45%"
"11.07.2025","222,42","222,28","223,58","221,36","403,14K","-0,49%"
"10.07.2025","223,51","226,38","227,55","220,81","312,57K","-0,49%"
"09.07.2025","224,62","226,58","228,31","222,05","210,58K","-0,50%"
"08.07.2025","225,74","226,10","226,63","223,23","233,54K","0,00%"
"07.07.2025","225,73","226,19","228,26","223,53","293,89K","-0,67%"
"03.07.2025","227,25","227,90","228,68","226,08","228,60K","0,50%"
"02.07.2025","226,13","221,77","226,29","220,09","584,09K","1,57%"
"01.07.2025","222,63","224,40","226,85","218,59","405,61K","-0,40%"
"30.06.2025","223,52","223,42","225,68","222,50","239,51K","-0,17%"
"27.06.2025","223,90","222,22","224,28","221,69","330,89K","0,38%"
"26.06.2025","223,05","217,44","223,39","216,90","318,00K","2,58%"
"25.06.2025","217,43","217,08","219,21","216,51","165,10K","-0,17%"
"24.06.2025","217,79","217,25","220,22","217,18","225,80K","0,77%"
"23.06.2025","216,13","218,02","218,64","213,75","370,18K","-1,05%"
"20.06.2025","218,43","220,00","220,00","217,02","360,07K","0,30%"
"18.06.2025","217,77","219,11","222,99","216,95","186,84K","-0,48%"
"17.06.2025","218,81","216,53","219,60","215,43","319,15K","0,22%"
"16.06.2025","218,32","217,41","221,18","217,41","198,88K","0,47%"
"13.06.2025","217,30","216,16","218,67","214,98","203,49K","-0,54%"
"12.06.2025","218,47","219,06","221,27","217,63","261,46K","0,11%"
"11.06.2025","218,23","217,41","220,46","216,58","321,86K","0,61%"
"10.06.2025","216,90","212,75","217,09","212,31","318,24K","1,64%"
"09.06.2025","213,40","216,43","217,25","212,88","310,24K","-1,91%"
"06.06.2025","217,55","217,27","218,21","215,06","204,28K","1,35%"
"05.06.2025","214,66","214,41","215,80","209,46","365,70K","0,54%"
"04.06.2025","213,51","217,85","220,35","212,87","796,53K","-1,56%"
"03.06.2025","216,90","214,00","217,36","213,00","558,83K","1,14%"
"02.06.2025","214,45","212,94","215,67","212,00","597,15K","1,25%"
"30.05.2025","211,81","208,66","212,93","207,81","637,75K","0,96%"
"29.05.2025","209,79","208,58","210,43","206,60","539,83K","0,63%"
"28.05.2025","208,47","207,94","209,06","206,32","289,46K","0,38%"
"27.05.2025","207,68","204,27","207,91","202,09","324,08K","1,68%"
"23.05.2025","204,24","201,92","206,03","201,33","294,02K","-0,09%"
"22.05.2025","204,42","199,87","204,70","199,78","440,65K","1,97%"
"21.05.2025","200,47","200,26","201,34","197,16","365,09K","0,80%"
"20.05.2025","198,87","195,14","198,93","193,88","279,71K","2,78%"
"19.05.2025","193,50","195,18","197,89","193,13","294,90K","-6,31%"
"16.05.2025","206,54","207,29","207,55","202,12","379,26K","-0,95%"
"15.05.2025","208,52","207,05","210,71","206,22","292,10K","0,29%"
"14.05.2025","207,91","205,08","208,21","204,72","293,77K","0,70%"
"13.05.2025","206,47","204,40","207,84","202,00","290,43K","1,58%"
"12.05.2025","203,25","206,98","208,18","201,93","172,08K","-1,03%"
"09.05.2025","205,37","204,75","206,98","204,11","176,65K","0,71%"
"08.05.2025","203,92","201,98","205,02","199,77","223,87K","1,82%"
"07.05.2025","200,27","201,40","203,40","198,73","331,35K","-0,80%"
"06.05.2025","201,88","199,88","202,40","199,25","253,39K","0,58%"
"05.05.2025","200,71","201,82","203,09","200,08","201,71K","-0,25%"
"02.05.2025","201,21","200,72","202,05","198,46","459,59K","1,62%"
"01.05.2025","198,00","201,06","201,84","197,10","120,25K","-2,07%"
"30.04.2025","202,19","199,00","202,19","196,00","292,81K","1,01%"
"29.04.2025","200,17","200,00","202,54","198,28","342,89K","0,26%"
"28.04.2025","199,65","196,85","200,79","196,85","211,36K","0,90%"
"25.04.2025","197,87","194,20","197,87","191,70","164,74K","0,93%"
"24.04.2025","196,05","192,61","196,05","191,66","314,08K","1,82%"
"23.04.2025","192,55","193,26","194,60","191,30","249,51K","0,67%"
"22.04.2025","191,27","187,04","191,59","185,49","225,72K","3,41%"
"21.04.2025","184,96","185,23","185,50","183,51","88,60K","-0,09%"
"17.04.2025","185,13","185,63","187,83","183,59","180,43K","-0,03%"
"16.04.2025","185,19","184,76","186,40","183,25","317,11K","0,06%"
"15.04.2025","185,08","183,39","187,50","182,76","285,18K","0,43%"
"14.04.2025","184,28","180,12","185,42","180,12","243,96K","3,60%"
"11.04.2025","177,87","173,49","179,86","169,64","258,25K","3,37%"
"10.04.2025","172,07","176,20","176,22","168,06","244,43K","-3,34%"
"09.04.2025","178,02","168,64","180,45","166,11","634,59K","4,79%"
"08.04.2025","169,89","175,75","178,59","169,10","760,66K","-0,60%"
"07.04.2025","170,91","173,21","180,48","165,51","912,78K","-4,38%"
"04.04.2025","178,74","185,18","185,18","174,42","646,33K","-5,54%"
"03.04.2025","189,23","188,48","192,39","187,29","269,22K","-2,26%"
"02.04.2025","193,60","190,67","193,65","190,48","208,60K","0,55%"
"01.04.2025","192,54","186,90","193,31","186,63","237,30K","3,43%"
"31.03.2025","186,16","185,45","187,44","184,70","421,23K","-1,06%"
"28.03.2025","188,16","190,84","191,96","186,46","244,68K","-1,29%"
"27.03.2025","190,62","190,57","194,40","189,56","481,09K","-0,55%"
"26.03.2025","191,68","196,83","197,62","190,20","543,84K","-2,90%"
"25.03.2025","197,40","192,81","197,65","191,21","367,99K","2,73%"
"24.03.2025","192,16","194,16","195,46","192,16","172,55K","-0,70%"
"21.03.2025","193,51","194,27","194,76","191,05","402,15K","-0,40%"
"20.03.2025","194,28","192,05","197,26","189,94","320,18K","0,97%"
"19.03.2025","192,42","191,24","194,06","187,63","310,53K","0,40%"
"18.03.2025","191,66","191,00","193,06","189,89","231,78K","0,45%"
"17.03.2025","190,81","189,50","192,20","188,78","234,93K","0,75%"
"14.03.2025","189,39","186,33","189,39","184,00","237,05K","2,33%"
"13.03.2025","185,08","183,67","186,97","180,46","386,50K","1,15%"
"12.03.2025","182,97","182,61","183,49","179,21","342,24K","1,09%"
"11.03.2025","181,00","180,58","181,87","179,13","243,97K","0,39%"
"10.03.2025","180,29","179,79","182,71","178,67","213,44K","-0,88%"
"07.03.2025","181,89","181,86","182,76","179,65","152,30K","-0,08%"
"06.03.2025","182,04","183,16","185,13","180,56","150,62K","-1,04%"
"05.03.2025","183,95","184,09","185,73","182,62","297,08K","0,55%"
"04.03.2025","182,94","182,46","185,51","180,12","237,39K","-0,39%"
"03.03.2025","183,66","184,12","186,50","182,21","350,93K","0,35%"
"28.02.2025","183,02","181,78","183,08","178,50","436,19K","0,73%"
"27.02.2025","181,69","183,96","184,82","181,20","353,13K","-1,20%"
"26.02.2025","183,89","182,08","184,84","180,84","276,15K","1,43%"
"25.02.2025","181,29","181,13","181,89","178,10","295,04K","0,32%"
"24.02.2025","180,72","179,34","181,75","178,52","306,11K","0,98%"
"21.02.2025","178,97","186,55","189,81","177,47","440,79K","-3,21%"
"20.02.2025","184,91","184,53","186,69","183,06","365,94K","0,41%"
"19.02.2025","184,15","184,05","184,81","182,09","298,72K","-0,64%"
"18.02.2025","185,34","184,93","187,92","183,37","269,04K","-0,41%"
"14.02.2025","186,10","183,95","187,72","181,87","234,11K","1,27%"
"13.02.2025","183,77","184,09","185,00","180,82","295,81K","-0,54%"
"12.02.2025","184,76","187,11","188,13","184,49","284,96K","-1,94%"
"11.02.2025","188,42","192,20","192,20","180,87","421,01K","-1,36%"
"10.02.2025","191,01","190,30","193,30","188,90","279,80K","0,42%"
"07.02.2025","190,21","192,96","194,53","188,45","247,25K","-1,39%"
"06.02.2025","192,90","188,00","192,90","188,00","274,55K","2,91%"
"05.02.2025","187,45","186,85","188,21","186,04","159,13K","0,70%"
"04.02.2025","186,15","182,96","187,14","182,67","188,13K","1,83%"
"03.02.2025","182,81","179,98","184,18","179,35","239,10K","-0,16%"
"31.01.2025","183,10","185,38","185,86","182,31","384,68K","-1,12%"
"30.01.2025","185,18","185,66","187,70","183,82","308,75K","0,55%"
"29.01.2025","184,17","182,16","184,88","181,51","207,59K","1,51%"
"28.01.2025","181,43","180,90","184,10","180,28","125,99K","0,07%"
"27.01.2025","181,31","182,05","182,60","180,15","258,90K","-0,17%"
"24.01.2025","181,61","183,30","183,99","180,67","296,35K","-0,35%"
"23.01.2025","182,25","182,76","184,49","181,03","169,21K","-0,32%"
"22.01.2025","182,83","182,55","184,35","180,93","247,98K","0,04%"
"21.01.2025","182,75","183,72","184,48","180,87","376,24K","0,33%"
"17.01.2025","182,14","186,85","187,11","180,71","374,18K","-2,47%"
"16.01.2025","186,75","190,05","191,52","186,75","131,37K","-1,84%"
"15.01.2025","190,26","191,35","192,61","189,36","248,91K","1,29%"
"14.01.2025","187,83","181,57","188,62","179,32","436,33K","4,33%"
"13.01.2025","180,04","180,13","181,63","178,81","434,03K","-0,04%"
"10.01.2025","180,12","181,50","182,97","177,85","395,08K","-1,99%"
"08.01.2025","183,78","183,92","184,80","182,76","168,54K","-0,70%"
"07.01.2025","185,07","189,22","189,22","184,22","181,58K","-1,47%"
"06.01.2025","187,84","185,21","189,21","185,21","200,28K","1,88%"
"03.01.2025","184,38","184,68","186,15","182,01","187,22K","0,21%"
"02.01.2025","184,00","182,84","185,50","182,69","164,91K","0,37%"